,Fitness,Location,Maxima
0000000000,0.407958507615,"(0, 0, 0, 0, 0, 0, 0, 0, 0, 0)",0
0000000001,0.349718042468,"(0, 0, 0, 0, 0, 0, 0, 0, 0, 1)",0
0000000010,0.389174902931,"(0, 0, 0, 0, 0, 0, 0, 0, 1, 0)",0
0000000011,0.452609622254,"(0, 0, 0, 0, 0, 0, 0, 0, 1, 1)",0
0000000100,0.473552618006,"(0, 0, 0, 0, 0, 0, 0, 1, 0, 0)",0
0000000101,0.494029220994,"(0, 0, 0, 0, 0, 0, 0, 1, 0, 1)",0
0000000110,0.498871012455,"(0, 0, 0, 0, 0, 0, 0, 1, 1, 0)",0
0000000111,0.396750164739,"(0, 0, 0, 0, 0, 0, 0, 1, 1, 1)",0
0000001000,0.459133076708,"(0, 0, 0, 0, 0, 0, 1, 0, 0, 0)",0
0000001001,0.47934931141,"(0, 0, 0, 0, 0, 0, 1, 0, 0, 1)",0
0000001010,0.457792965658,"(0, 0, 0, 0, 0, 0, 1, 0, 1, 0)",0
0000001011,0.442330477172,"(0, 0, 0, 0, 0, 0, 1, 0, 1, 1)",0
0000001100,0.46549077078,"(0, 0, 0, 0, 0, 0, 1, 1, 0, 0)",0
0000001101,0.513998528053,"(0, 0, 0, 0, 0, 0, 1, 1, 0, 1)",0
0000001110,0.394375442794,"(0, 0, 0, 0, 0, 0, 1, 1, 1, 0)",0
0000001111,0.434191557105,"(0, 0, 0, 0, 0, 0, 1, 1, 1, 1)",0
0000010000,0.401663616444,"(0, 0, 0, 0, 0, 1, 0, 0, 0, 0)",0
0000010001,0.571296962835,"(0, 0, 0, 0, 0, 1, 0, 0, 0, 1)",0
0000010010,0.330449427811,"(0, 0, 0, 0, 0, 1, 0, 0, 1, 0)",0
0000010011,0.484565612489,"(0, 0, 0, 0, 0, 1, 0, 0, 1, 1)",0
0000010100,0.541707776212,"(0, 0, 0, 0, 0, 1, 0, 1, 0, 0)",0
0000010101,0.645432851502,"(0, 0, 0, 0, 0, 1, 0, 1, 0, 1)",1
0000010110,0.428912773161,"(0, 0, 0, 0, 0, 1, 0, 1, 1, 0)",0
0000010111,0.601492180082,"(0, 0, 0, 0, 0, 1, 0, 1, 1, 1)",0
0000011000,0.508559863756,"(0, 0, 0, 0, 0, 1, 1, 0, 0, 0)",0
0000011001,0.544512561092,"(0, 0, 0, 0, 0, 1, 1, 0, 0, 1)",0
0000011010,0.594510751158,"(0, 0, 0, 0, 0, 1, 1, 0, 1, 0)",0
0000011011,0.621918765898,"(0, 0, 0, 0, 0, 1, 1, 0, 1, 1)",0
0000011100,0.485283173304,"(0, 0, 0, 0, 0, 1, 1, 1, 0, 0)",0
0000011101,0.530890450168,"(0, 0, 0, 0, 0, 1, 1, 1, 0, 1)",0
0000011110,0.456913940724,"(0, 0, 0, 0, 0, 1, 1, 1, 1, 0)",0
0000011111,0.481081999323,"(0, 0, 0, 0, 0, 1, 1, 1, 1, 1)",0
0000100000,0.431426527539,"(0, 0, 0, 0, 1, 0, 0, 0, 0, 0)",0
0000100001,0.29130548149,"(0, 0, 0, 0, 1, 0, 0, 0, 0, 1)",0
0000100010,0.397609546851,"(0, 0, 0, 0, 1, 0, 0, 0, 1, 0)",0
0000100011,0.302293161296,"(0, 0, 0, 0, 1, 0, 0, 0, 1, 1)",0
0000100100,0.528464487875,"(0, 0, 0, 0, 1, 0, 0, 1, 0, 0)",0
0000100101,0.397063263236,"(0, 0, 0, 0, 1, 0, 0, 1, 0, 1)",0
0000100110,0.62027225806,"(0, 0, 0, 0, 1, 0, 0, 1, 1, 0)",0
0000100111,0.423652872161,"(0, 0, 0, 0, 1, 0, 0, 1, 1, 1)",0
0000101000,0.578484639548,"(0, 0, 0, 0, 1, 0, 1, 0, 0, 0)",0
0000101001,0.45306728572,"(0, 0, 0, 0, 1, 0, 1, 0, 0, 1)",0
0000101010,0.497753485067,"(0, 0, 0, 0, 1, 0, 1, 0, 1, 0)",0
0000101011,0.372900382197,"(0, 0, 0, 0, 1, 0, 1, 0, 1, 1)",0
0000101100,0.597421292327,"(0, 0, 0, 0, 1, 0, 1, 1, 0, 0)",0
0000101101,0.40423564905,"(0, 0, 0, 0, 1, 0, 1, 1, 0, 1)",0
0000101110,0.659161407071,"(0, 0, 0, 0, 1, 0, 1, 1, 1, 0)",0
0000101111,0.556784744029,"(0, 0, 0, 0, 1, 0, 1, 1, 1, 1)",0
0000110000,0.538060556082,"(0, 0, 0, 0, 1, 1, 0, 0, 0, 0)",0
0000110001,0.44288513009,"(0, 0, 0, 0, 1, 1, 0, 0, 0, 1)",0
0000110010,0.486226356014,"(0, 0, 0, 0, 1, 1, 0, 0, 1, 0)",0
0000110011,0.412895546436,"(0, 0, 0, 0, 1, 1, 0, 0, 1, 1)",0
0000110100,0.612323549651,"(0, 0, 0, 0, 1, 1, 0, 1, 0, 0)",0
0000110101,0.567472695949,"(0, 0, 0, 0, 1, 1, 0, 1, 0, 1)",0
0000110110,0.518035002339,"(0, 0, 0, 0, 1, 1, 0, 1, 1, 0)",0
0000110111,0.431288394556,"(0, 0, 0, 0, 1, 1, 0, 1, 1, 1)",0
0000111000,0.506314335215,"(0, 0, 0, 0, 1, 1, 1, 0, 0, 0)",0
0000111001,0.361866767734,"(0, 0, 0, 0, 1, 1, 1, 0, 0, 1)",0
0000111010,0.42996734468,"(0, 0, 0, 0, 1, 1, 1, 0, 1, 0)",0
0000111011,0.318528113647,"(0, 0, 0, 0, 1, 1, 1, 0, 1, 1)",0
0000111100,0.554241958351,"(0, 0, 0, 0, 1, 1, 1, 1, 0, 0)",0
0000111101,0.463901519708,"(0, 0, 0, 0, 1, 1, 1, 1, 0, 1)",0
0000111110,0.529099924526,"(0, 0, 0, 0, 1, 1, 1, 1, 1, 0)",0
0000111111,0.438258876579,"(0, 0, 0, 0, 1, 1, 1, 1, 1, 1)",0
0001000000,0.487917416716,"(0, 0, 0, 1, 0, 0, 0, 0, 0, 0)",0
0001000001,0.588006218014,"(0, 0, 0, 1, 0, 0, 0, 0, 0, 1)",0
0001000010,0.439677269238,"(0, 0, 0, 1, 0, 0, 0, 0, 1, 0)",0
0001000011,0.408990844288,"(0, 0, 0, 1, 0, 0, 0, 0, 1, 1)",0
0001000100,0.466515292616,"(0, 0, 0, 1, 0, 0, 0, 1, 0, 0)",0
0001000101,0.545833101838,"(0, 0, 0, 1, 0, 0, 0, 1, 0, 1)",0
0001000110,0.610717793381,"(0, 0, 0, 1, 0, 0, 0, 1, 1, 0)",0
0001000111,0.333868614561,"(0, 0, 0, 1, 0, 0, 0, 1, 1, 1)",0
0001001000,0.414923196335,"(0, 0, 0, 1, 0, 0, 1, 0, 0, 0)",0
0001001001,0.532600321295,"(0, 0, 0, 1, 0, 0, 1, 0, 0, 1)",0
0001001010,0.444863427172,"(0, 0, 0, 1, 0, 0, 1, 0, 1, 0)",0
0001001011,0.389733540609,"(0, 0, 0, 1, 0, 0, 1, 0, 1, 1)",0
0001001100,0.462277504327,"(0, 0, 0, 1, 0, 0, 1, 1, 0, 0)",0
0001001101,0.559736200538,"(0, 0, 0, 1, 0, 0, 1, 1, 0, 1)",0
0001001110,0.621744330848,"(0, 0, 0, 1, 0, 0, 1, 1, 1, 0)",0
0001001111,0.49848504181,"(0, 0, 0, 1, 0, 0, 1, 1, 1, 1)",0
0001010000,0.453966630151,"(0, 0, 0, 1, 0, 1, 0, 0, 0, 0)",0
0001010001,0.498991709023,"(0, 0, 0, 1, 0, 1, 0, 0, 0, 1)",0
0001010010,0.416885384868,"(0, 0, 0, 1, 0, 1, 0, 0, 1, 0)",0
0001010011,0.313363398054,"(0, 0, 0, 1, 0, 1, 0, 0, 1, 1)",0
0001010100,0.556208069813,"(0, 0, 0, 1, 0, 1, 0, 1, 0, 0)",0
0001010101,0.514573967779,"(0, 0, 0, 1, 0, 1, 0, 1, 0, 1)",0
0001010110,0.534457794157,"(0, 0, 0, 1, 0, 1, 0, 1, 1, 0)",0
0001010111,0.357598743788,"(0, 0, 0, 1, 0, 1, 0, 1, 1, 1)",0
0001011000,0.631502398943,"(0, 0, 0, 1, 0, 1, 1, 0, 0, 0)",0
0001011001,0.547338717587,"(0, 0, 0, 1, 0, 1, 1, 0, 0, 1)",0
0001011010,0.652793147154,"(0, 0, 0, 1, 0, 1, 1, 0, 1, 0)",0
0001011011,0.418075826366,"(0, 0, 0, 1, 0, 1, 1, 0, 1, 1)",0
0001011100,0.733647523866,"(0, 0, 0, 1, 0, 1, 1, 1, 0, 0)",0
0001011101,0.666534757221,"(0, 0, 0, 1, 0, 1, 1, 1, 0, 1)",0
0001011110,0.748602398904,"(0, 0, 0, 1, 0, 1, 1, 1, 1, 0)",1
0001011111,0.515950098505,"(0, 0, 0, 1, 0, 1, 1, 1, 1, 1)",0
0001100000,0.487198237272,"(0, 0, 0, 1, 1, 0, 0, 0, 0, 0)",0
0001100001,0.494464133325,"(0, 0, 0, 1, 1, 0, 0, 0, 0, 1)",0
0001100010,0.40811241029,"(0, 0, 0, 1, 1, 0, 0, 0, 1, 0)",0
0001100011,0.355097773759,"(0, 0, 0, 1, 1, 0, 0, 0, 1, 1)",0
0001100100,0.416597978588,"(0, 0, 0, 1, 1, 0, 0, 1, 0, 0)",0
0001100101,0.55222969291,"(0, 0, 0, 1, 1, 0, 0, 1, 0, 1)",0
0001100110,0.687469521149,"(0, 0, 0, 1, 1, 0, 0, 1, 1, 0)",1
0001100111,0.453718051266,"(0, 0, 0, 1, 1, 0, 0, 1, 1, 1)",0
0001101000,0.544065248266,"(0, 0, 0, 1, 1, 0, 1, 0, 0, 0)",0
0001101001,0.542651776662,"(0, 0, 0, 1, 1, 0, 1, 0, 0, 1)",0
0001101010,0.516304589088,"(0, 0, 0, 1, 1, 0, 1, 0, 1, 0)",0
0001101011,0.360096903337,"(0, 0, 0, 1, 1, 0, 1, 0, 1, 1)",0
0001101100,0.367004422137,"(0, 0, 0, 1, 1, 0, 1, 1, 0, 0)",0
0001101101,0.399053718068,"(0, 0, 0, 1, 1, 0, 1, 1, 0, 1)",0
0001101110,0.457393557843,"(0, 0, 0, 1, 1, 0, 1, 1, 1, 0)",0
0001101111,0.505609286148,"(0, 0, 0, 1, 1, 0, 1, 1, 1, 1)",0
0001110000,0.444488457955,"(0, 0, 0, 1, 1, 1, 0, 0, 0, 0)",0
0001110001,0.417520467349,"(0, 0, 0, 1, 1, 1, 0, 0, 0, 1)",0
0001110010,0.48803159868,"(0, 0, 0, 1, 1, 1, 0, 0, 1, 0)",0
0001110011,0.312869130337,"(0, 0, 0, 1, 1, 1, 0, 0, 1, 1)",0
0001110100,0.452800438542,"(0, 0, 0, 1, 1, 1, 0, 1, 0, 0)",0
0001110101,0.461593278799,"(0, 0, 0, 1, 1, 1, 0, 1, 0, 1)",0
0001110110,0.438934899941,"(0, 0, 0, 1, 1, 1, 0, 1, 1, 0)",0
0001110111,0.280368730547,"(0, 0, 0, 1, 1, 1, 0, 1, 1, 1)",0
0001111000,0.602929460338,"(0, 0, 0, 1, 1, 1, 1, 0, 0, 0)",0
0001111001,0.40842491025,"(0, 0, 0, 1, 1, 1, 1, 0, 0, 1)",0
0001111010,0.447743635544,"(0, 0, 0, 1, 1, 1, 1, 0, 1, 0)",0
0001111011,0.314152652642,"(0, 0, 0, 1, 1, 1, 1, 0, 1, 1)",0
0001111100,0.589892087836,"(0, 0, 0, 1, 1, 1, 1, 1, 0, 0)",0
0001111101,0.460546167881,"(0, 0, 0, 1, 1, 1, 1, 1, 0, 1)",0
0001111110,0.622388503776,"(0, 0, 0, 1, 1, 1, 1, 1, 1, 0)",0
0001111111,0.378388369586,"(0, 0, 0, 1, 1, 1, 1, 1, 1, 1)",0
0010000000,0.570425825515,"(0, 0, 1, 0, 0, 0, 0, 0, 0, 0)",1
0010000001,0.520652616253,"(0, 0, 1, 0, 0, 0, 0, 0, 0, 1)",0
0010000010,0.425579396881,"(0, 0, 1, 0, 0, 0, 0, 0, 1, 0)",0
0010000011,0.473776266399,"(0, 0, 1, 0, 0, 0, 0, 0, 1, 1)",0
0010000100,0.424689866289,"(0, 0, 1, 0, 0, 0, 0, 1, 0, 0)",0
0010000101,0.470654597146,"(0, 0, 1, 0, 0, 0, 0, 1, 0, 1)",0
0010000110,0.613438680026,"(0, 0, 1, 0, 0, 0, 0, 1, 1, 0)",0
0010000111,0.529634388301,"(0, 0, 1, 0, 0, 0, 0, 1, 1, 1)",0
0010001000,0.506790031868,"(0, 0, 1, 0, 0, 0, 1, 0, 0, 0)",0
0010001001,0.493120150313,"(0, 0, 1, 0, 0, 0, 1, 0, 0, 1)",0
0010001010,0.536398522975,"(0, 0, 1, 0, 0, 0, 1, 0, 1, 0)",0
0010001011,0.453359936516,"(0, 0, 1, 0, 0, 0, 1, 0, 1, 1)",0
0010001100,0.444223635463,"(0, 0, 1, 0, 0, 0, 1, 1, 0, 0)",0
0010001101,0.521911349257,"(0, 0, 1, 0, 0, 0, 1, 1, 0, 1)",0
0010001110,0.610644970972,"(0, 0, 1, 0, 0, 0, 1, 1, 1, 0)",0
0010001111,0.626022330432,"(0, 0, 1, 0, 0, 0, 1, 1, 1, 1)",1
0010010000,0.430713597899,"(0, 0, 1, 0, 0, 1, 0, 0, 0, 0)",0
0010010001,0.567087281421,"(0, 0, 1, 0, 0, 1, 0, 0, 0, 1)",0
0010010010,0.324807107628,"(0, 0, 1, 0, 0, 1, 0, 0, 1, 0)",0
0010010011,0.421958523748,"(0, 0, 1, 0, 0, 1, 0, 0, 1, 1)",0
0010010100,0.399885653338,"(0, 0, 1, 0, 0, 1, 0, 1, 0, 0)",0
0010010101,0.487371937743,"(0, 0, 1, 0, 0, 1, 0, 1, 0, 1)",0
0010010110,0.322118293817,"(0, 0, 1, 0, 0, 1, 0, 1, 1, 0)",0
0010010111,0.471287337976,"(0, 0, 1, 0, 0, 1, 0, 1, 1, 1)",0
0010011000,0.456919954467,"(0, 0, 1, 0, 0, 1, 1, 0, 0, 0)",0
0010011001,0.417259616792,"(0, 0, 1, 0, 0, 1, 1, 0, 0, 1)",0
0010011010,0.506157100672,"(0, 0, 1, 0, 0, 1, 1, 0, 1, 0)",0
0010011011,0.424262098685,"(0, 0, 1, 0, 0, 1, 1, 0, 1, 1)",0
0010011100,0.36865368962,"(0, 0, 1, 0, 0, 1, 1, 1, 0, 0)",0
0010011101,0.401714004251,"(0, 0, 1, 0, 0, 1, 1, 1, 0, 1)",0
0010011110,0.4497916079,"(0, 0, 1, 0, 0, 1, 1, 1, 1, 0)",0
0010011111,0.407793992895,"(0, 0, 1, 0, 0, 1, 1, 1, 1, 1)",0
0010100000,0.549535598455,"(0, 0, 1, 0, 1, 0, 0, 0, 0, 0)",0
0010100001,0.570664362802,"(0, 0, 1, 0, 1, 0, 0, 0, 0, 1)",0
0010100010,0.410288830319,"(0, 0, 1, 0, 1, 0, 0, 0, 1, 0)",0
0010100011,0.412316985558,"(0, 0, 1, 0, 1, 0, 0, 0, 1, 1)",0
0010100100,0.496347803152,"(0, 0, 1, 0, 1, 0, 0, 1, 0, 0)",0
0010100101,0.543217260892,"(0, 0, 1, 0, 1, 0, 0, 1, 0, 1)",0
0010100110,0.694064934647,"(0, 0, 1, 0, 1, 0, 0, 1, 1, 0)",0
0010100111,0.628344495339,"(0, 0, 1, 0, 1, 0, 0, 1, 1, 1)",0
0010101000,0.518519858233,"(0, 0, 1, 0, 1, 0, 1, 0, 0, 0)",0
0010101001,0.511998942658,"(0, 0, 1, 0, 1, 0, 1, 0, 0, 1)",0
0010101010,0.550226438192,"(0, 0, 1, 0, 1, 0, 1, 0, 1, 0)",0
0010101011,0.470379627949,"(0, 0, 1, 0, 1, 0, 1, 0, 1, 1)",0
0010101100,0.349782324787,"(0, 0, 1, 0, 1, 0, 1, 1, 0, 0)",0
0010101101,0.338559192542,"(0, 0, 1, 0, 1, 0, 1, 1, 0, 1)",0
0010101110,0.525873335866,"(0, 0, 1, 0, 1, 0, 1, 1, 1, 0)",0
0010101111,0.511640308573,"(0, 0, 1, 0, 1, 0, 1, 1, 1, 1)",0
0010110000,0.707218204271,"(0, 0, 1, 0, 1, 1, 0, 0, 0, 0)",1
0010110001,0.564639352865,"(0, 0, 1, 0, 1, 1, 0, 0, 0, 1)",0
0010110010,0.502569730195,"(0, 0, 1, 0, 1, 1, 0, 0, 1, 0)",0
0010110011,0.317930225601,"(0, 0, 1, 0, 1, 1, 0, 0, 1, 1)",0
0010110100,0.614986009288,"(0, 0, 1, 0, 1, 1, 0, 1, 0, 0)",0
0010110101,0.539752602156,"(0, 0, 1, 0, 1, 1, 0, 1, 0, 1)",0
0010110110,0.569091056542,"(0, 0, 1, 0, 1, 1, 0, 1, 1, 0)",0
0010110111,0.404590159538,"(0, 0, 1, 0, 1, 1, 0, 1, 1, 1)",0
0010111000,0.604848244784,"(0, 0, 1, 0, 1, 1, 1, 0, 0, 0)",0
0010111001,0.370643879747,"(0, 0, 1, 0, 1, 1, 1, 0, 0, 1)",0
0010111010,0.593707108991,"(0, 0, 1, 0, 1, 1, 1, 0, 1, 0)",0
0010111011,0.318620934774,"(0, 0, 1, 0, 1, 1, 1, 0, 1, 1)",0
0010111100,0.520987788515,"(0, 0, 1, 0, 1, 1, 1, 1, 0, 0)",0
0010111101,0.403956625094,"(0, 0, 1, 0, 1, 1, 1, 1, 0, 1)",0
0010111110,0.630232512142,"(0, 0, 1, 0, 1, 1, 1, 1, 1, 0)",1
0010111111,0.418881864133,"(0, 0, 1, 0, 1, 1, 1, 1, 1, 1)",0
0011000000,0.365294921723,"(0, 0, 1, 1, 0, 0, 0, 0, 0, 0)",0
0011000001,0.518118469585,"(0, 0, 1, 1, 0, 0, 0, 0, 0, 1)",0
0011000010,0.453710733742,"(0, 0, 1, 1, 0, 0, 0, 0, 1, 0)",0
0011000011,0.535351854202,"(0, 0, 1, 1, 0, 0, 0, 0, 1, 1)",0
0011000100,0.508013401469,"(0, 0, 1, 1, 0, 0, 0, 1, 0, 0)",0
0011000101,0.554906429643,"(0, 0, 1, 1, 0, 0, 0, 1, 0, 1)",0
0011000110,0.484712631969,"(0, 0, 1, 1, 0, 0, 0, 1, 1, 0)",0
0011000111,0.551394665008,"(0, 0, 1, 1, 0, 0, 0, 1, 1, 1)",0
0011001000,0.325598861904,"(0, 0, 1, 1, 0, 0, 1, 0, 0, 0)",0
0011001001,0.453657361287,"(0, 0, 1, 1, 0, 0, 1, 0, 0, 1)",0
0011001010,0.406611551329,"(0, 0, 1, 1, 0, 0, 1, 0, 1, 0)",0
0011001011,0.411470962009,"(0, 0, 1, 1, 0, 0, 1, 0, 1, 1)",0
0011001100,0.380498138131,"(0, 0, 1, 1, 0, 0, 1, 1, 0, 0)",0
0011001101,0.449223881947,"(0, 0, 1, 1, 0, 0, 1, 1, 0, 1)",0
0011001110,0.359406661666,"(0, 0, 1, 1, 0, 0, 1, 1, 1, 0)",0
0011001111,0.536923273646,"(0, 0, 1, 1, 0, 0, 1, 1, 1, 1)",0
0011010000,0.48583885857,"(0, 0, 1, 1, 0, 1, 0, 0, 0, 0)",0
0011010001,0.66584179622,"(0, 0, 1, 1, 0, 1, 0, 0, 0, 1)",1
0011010010,0.445988084931,"(0, 0, 1, 1, 0, 1, 0, 0, 1, 0)",0
0011010011,0.537036755741,"(0, 0, 1, 1, 0, 1, 0, 0, 1, 1)",0
0011010100,0.568773666995,"(0, 0, 1, 1, 0, 1, 0, 1, 0, 0)",0
0011010101,0.576957896127,"(0, 0, 1, 1, 0, 1, 0, 1, 0, 1)",0
0011010110,0.329638749997,"(0, 0, 1, 1, 0, 1, 0, 1, 1, 0)",0
0011010111,0.578554023701,"(0, 0, 1, 1, 0, 1, 0, 1, 1, 1)",0
0011011000,0.447672672746,"(0, 0, 1, 1, 0, 1, 1, 0, 0, 0)",0
0011011001,0.456133478025,"(0, 0, 1, 1, 0, 1, 1, 0, 0, 1)",0
0011011010,0.593990253601,"(0, 0, 1, 1, 0, 1, 1, 0, 1, 0)",0
0011011011,0.501505342268,"(0, 0, 1, 1, 0, 1, 1, 0, 1, 1)",0
0011011100,0.559240122691,"(0, 0, 1, 1, 0, 1, 1, 1, 0, 0)",0
0011011101,0.545637515865,"(0, 0, 1, 1, 0, 1, 1, 1, 0, 1)",0
0011011110,0.428750505314,"(0, 0, 1, 1, 0, 1, 1, 1, 1, 0)",0
0011011111,0.579117218146,"(0, 0, 1, 1, 0, 1, 1, 1, 1, 1)",1
0011100000,0.652228516455,"(0, 0, 1, 1, 1, 0, 0, 0, 0, 0)",1
0011100001,0.571762745146,"(0, 0, 1, 1, 1, 0, 0, 0, 0, 1)",0
0011100010,0.544961317911,"(0, 0, 1, 1, 1, 0, 0, 0, 1, 0)",0
0011100011,0.409512781944,"(0, 0, 1, 1, 1, 0, 0, 0, 1, 1)",0
0011100100,0.594281389731,"(0, 0, 1, 1, 1, 0, 0, 1, 0, 0)",0
0011100101,0.55702190908,"(0, 0, 1, 1, 1, 0, 0, 1, 0, 1)",0
0011100110,0.584932227475,"(0, 0, 1, 1, 1, 0, 0, 1, 1, 0)",0
0011100111,0.499950524605,"(0, 0, 1, 1, 1, 0, 0, 1, 1, 1)",0
0011101000,0.522997707754,"(0, 0, 1, 1, 1, 0, 1, 0, 0, 0)",0
0011101001,0.391499196647,"(0, 0, 1, 1, 1, 0, 1, 0, 0, 1)",0
0011101010,0.656491839799,"(0, 0, 1, 1, 1, 0, 1, 0, 1, 0)",1
0011101011,0.365512006446,"(0, 0, 1, 1, 1, 0, 1, 0, 1, 1)",0
0011101100,0.520449843627,"(0, 0, 1, 1, 1, 0, 1, 1, 0, 0)",0
0011101101,0.383299773238,"(0, 0, 1, 1, 1, 0, 1, 1, 0, 1)",0
0011101110,0.444806235956,"(0, 0, 1, 1, 1, 0, 1, 1, 1, 0)",0
0011101111,0.599036420433,"(0, 0, 1, 1, 1, 0, 1, 1, 1, 1)",0
0011110000,0.57513323209,"(0, 0, 1, 1, 1, 1, 0, 0, 0, 0)",0
0011110001,0.560672126499,"(0, 0, 1, 1, 1, 1, 0, 0, 0, 1)",0
0011110010,0.643456559264,"(0, 0, 1, 1, 1, 1, 0, 0, 1, 0)",1
0011110011,0.48609874386,"(0, 0, 1, 1, 1, 1, 0, 0, 1, 1)",0
0011110100,0.702670408542,"(0, 0, 1, 1, 1, 1, 0, 1, 0, 0)",1
0011110101,0.638810606201,"(0, 0, 1, 1, 1, 1, 0, 1, 0, 1)",0
0011110110,0.43024633157,"(0, 0, 1, 1, 1, 1, 0, 1, 1, 0)",0
0011110111,0.520688481564,"(0, 0, 1, 1, 1, 1, 0, 1, 1, 1)",0
0011111000,0.560329538295,"(0, 0, 1, 1, 1, 1, 1, 0, 0, 0)",0
0011111001,0.335978501079,"(0, 0, 1, 1, 1, 1, 1, 0, 0, 1)",0
0011111010,0.577312989411,"(0, 0, 1, 1, 1, 1, 1, 0, 1, 0)",0
0011111011,0.409188411281,"(0, 0, 1, 1, 1, 1, 1, 0, 1, 1)",0
0011111100,0.593781132472,"(0, 0, 1, 1, 1, 1, 1, 1, 0, 0)",0
0011111101,0.395474398572,"(0, 0, 1, 1, 1, 1, 1, 1, 0, 1)",0
0011111110,0.437013618054,"(0, 0, 1, 1, 1, 1, 1, 1, 1, 0)",0
0011111111,0.399266492411,"(0, 0, 1, 1, 1, 1, 1, 1, 1, 1)",0
0100000000,0.607199254327,"(0, 1, 0, 0, 0, 0, 0, 0, 0, 0)",0
0100000001,0.642974602348,"(0, 1, 0, 0, 0, 0, 0, 0, 0, 1)",0
0100000010,0.55616719175,"(0, 1, 0, 0, 0, 0, 0, 0, 1, 0)",0
0100000011,0.648772256996,"(0, 1, 0, 0, 0, 0, 0, 0, 1, 1)",1
0100000100,0.639455241928,"(0, 1, 0, 0, 0, 0, 0, 1, 0, 0)",0
0100000101,0.605332479041,"(0, 1, 0, 0, 0, 0, 0, 1, 0, 1)",0
0100000110,0.572060516277,"(0, 1, 0, 0, 0, 0, 0, 1, 1, 0)",0
0100000111,0.468157077258,"(0, 1, 0, 0, 0, 0, 0, 1, 1, 1)",0
0100001000,0.44378786241,"(0, 1, 0, 0, 0, 0, 1, 0, 0, 0)",0
0100001001,0.622398200519,"(0, 1, 0, 0, 0, 0, 1, 0, 0, 1)",0
0100001010,0.536303250248,"(0, 1, 0, 0, 0, 0, 1, 0, 1, 0)",0
0100001011,0.49416849867,"(0, 1, 0, 0, 0, 0, 1, 0, 1, 1)",0
0100001100,0.39298168883,"(0, 1, 0, 0, 0, 0, 1, 1, 0, 0)",0
0100001101,0.542049245586,"(0, 1, 0, 0, 0, 0, 1, 1, 0, 1)",0
0100001110,0.474875964135,"(0, 1, 0, 0, 0, 0, 1, 1, 1, 0)",0
0100001111,0.378712011942,"(0, 1, 0, 0, 0, 0, 1, 1, 1, 1)",0
0100010000,0.388645626381,"(0, 1, 0, 0, 0, 1, 0, 0, 0, 0)",0
0100010001,0.611062842294,"(0, 1, 0, 0, 0, 1, 0, 0, 0, 1)",0
0100010010,0.354074514711,"(0, 1, 0, 0, 0, 1, 0, 0, 1, 0)",0
0100010011,0.441798663599,"(0, 1, 0, 0, 0, 1, 0, 0, 1, 1)",0
0100010100,0.566056122241,"(0, 1, 0, 0, 0, 1, 0, 1, 0, 0)",0
0100010101,0.614863003135,"(0, 1, 0, 0, 0, 1, 0, 1, 0, 1)",0
0100010110,0.5940813645,"(0, 1, 0, 0, 0, 1, 0, 1, 1, 0)",0
0100010111,0.60084717082,"(0, 1, 0, 0, 0, 1, 0, 1, 1, 1)",0
0100011000,0.407164158263,"(0, 1, 0, 0, 0, 1, 1, 0, 0, 0)",0
0100011001,0.618665197815,"(0, 1, 0, 0, 0, 1, 1, 0, 0, 1)",0
0100011010,0.579026255603,"(0, 1, 0, 0, 0, 1, 1, 0, 1, 0)",0
0100011011,0.619876425624,"(0, 1, 0, 0, 0, 1, 1, 0, 1, 1)",0
0100011100,0.553971344032,"(0, 1, 0, 0, 0, 1, 1, 1, 0, 0)",0
0100011101,0.535991828278,"(0, 1, 0, 0, 0, 1, 1, 1, 0, 1)",0
0100011110,0.587263757192,"(0, 1, 0, 0, 0, 1, 1, 1, 1, 0)",0
0100011111,0.512414365162,"(0, 1, 0, 0, 0, 1, 1, 1, 1, 1)",0
0100100000,0.643682927745,"(0, 1, 0, 0, 1, 0, 0, 0, 0, 0)",0
0100100001,0.593045093657,"(0, 1, 0, 0, 1, 0, 0, 0, 0, 1)",0
0100100010,0.52175946497,"(0, 1, 0, 0, 1, 0, 0, 0, 1, 0)",0
0100100011,0.608983600213,"(0, 1, 0, 0, 1, 0, 0, 0, 1, 1)",0
0100100100,0.653296999572,"(0, 1, 0, 0, 1, 0, 0, 1, 0, 0)",1
0100100101,0.462763807852,"(0, 1, 0, 0, 1, 0, 0, 1, 0, 1)",0
0100100110,0.596533625464,"(0, 1, 0, 0, 1, 0, 0, 1, 1, 0)",0
0100100111,0.551501823137,"(0, 1, 0, 0, 1, 0, 0, 1, 1, 1)",0
0100101000,0.600545686467,"(0, 1, 0, 0, 1, 0, 1, 0, 0, 0)",0
0100101001,0.62898983484,"(0, 1, 0, 0, 1, 0, 1, 0, 0, 1)",1
0100101010,0.55781200668,"(0, 1, 0, 0, 1, 0, 1, 0, 1, 0)",0
0100101011,0.559656815594,"(0, 1, 0, 0, 1, 0, 1, 0, 1, 1)",0
0100101100,0.498158017274,"(0, 1, 0, 0, 1, 0, 1, 1, 0, 0)",0
0100101101,0.400999572274,"(0, 1, 0, 0, 1, 0, 1, 1, 0, 1)",0
0100101110,0.657049711116,"(0, 1, 0, 0, 1, 0, 1, 1, 1, 0)",0
0100101111,0.572063156446,"(0, 1, 0, 0, 1, 0, 1, 1, 1, 1)",0
0100110000,0.506288323227,"(0, 1, 0, 0, 1, 1, 0, 0, 0, 0)",0
0100110001,0.485312130674,"(0, 1, 0, 0, 1, 1, 0, 0, 0, 1)",0
0100110010,0.435239175928,"(0, 1, 0, 0, 1, 1, 0, 0, 1, 0)",0
0100110011,0.474834470559,"(0, 1, 0, 0, 1, 1, 0, 0, 1, 1)",0
0100110100,0.590105776752,"(0, 1, 0, 0, 1, 1, 0, 1, 0, 0)",0
0100110101,0.511752092572,"(0, 1, 0, 0, 1, 1, 0, 1, 0, 1)",0
0100110110,0.580779450557,"(0, 1, 0, 0, 1, 1, 0, 1, 1, 0)",0
0100110111,0.507537382171,"(0, 1, 0, 0, 1, 1, 0, 1, 1, 1)",0
0100111000,0.506227198791,"(0, 1, 0, 0, 1, 1, 1, 0, 0, 0)",0
0100111001,0.558743337442,"(0, 1, 0, 0, 1, 1, 1, 0, 0, 1)",0
0100111010,0.459933394001,"(0, 1, 0, 0, 1, 1, 1, 0, 1, 0)",0
0100111011,0.541254458248,"(0, 1, 0, 0, 1, 1, 1, 0, 1, 1)",0
0100111100,0.613688221402,"(0, 1, 0, 0, 1, 1, 1, 1, 0, 0)",1
0100111101,0.481176354059,"(0, 1, 0, 0, 1, 1, 1, 1, 0, 1)",0
0100111110,0.594349809124,"(0, 1, 0, 0, 1, 1, 1, 1, 1, 0)",0
0100111111,0.583809450547,"(0, 1, 0, 0, 1, 1, 1, 1, 1, 1)",0
0101000000,0.522757448427,"(0, 1, 0, 1, 0, 0, 0, 0, 0, 0)",0
0101000001,0.68625729546,"(0, 1, 0, 1, 0, 0, 0, 0, 0, 1)",1
0101000010,0.441219486979,"(0, 1, 0, 1, 0, 0, 0, 0, 1, 0)",0
0101000011,0.548128157067,"(0, 1, 0, 1, 0, 0, 0, 0, 1, 1)",0
0101000100,0.518436729459,"(0, 1, 0, 1, 0, 0, 0, 1, 0, 0)",0
0101000101,0.606661042119,"(0, 1, 0, 1, 0, 0, 0, 1, 0, 1)",0
0101000110,0.469482917043,"(0, 1, 0, 1, 0, 0, 0, 1, 1, 0)",0
0101000111,0.444295900414,"(0, 1, 0, 1, 0, 0, 0, 1, 1, 1)",0
0101001000,0.339781361555,"(0, 1, 0, 1, 0, 0, 1, 0, 0, 0)",0
0101001001,0.585247822488,"(0, 1, 0, 1, 0, 0, 1, 0, 0, 1)",0
0101001010,0.462527735202,"(0, 1, 0, 1, 0, 0, 1, 0, 1, 0)",0
0101001011,0.489150334664,"(0, 1, 0, 1, 0, 0, 1, 0, 1, 1)",0
0101001100,0.392991788901,"(0, 1, 0, 1, 0, 0, 1, 1, 0, 0)",0
0101001101,0.654516153909,"(0, 1, 0, 1, 0, 0, 1, 1, 0, 1)",1
0101001110,0.605025025632,"(0, 1, 0, 1, 0, 0, 1, 1, 1, 0)",0
0101001111,0.599230423586,"(0, 1, 0, 1, 0, 0, 1, 1, 1, 1)",0
0101010000,0.457830563339,"(0, 1, 0, 1, 0, 1, 0, 0, 0, 0)",0
0101010001,0.663519033038,"(0, 1, 0, 1, 0, 1, 0, 0, 0, 1)",0
0101010010,0.456343038941,"(0, 1, 0, 1, 0, 1, 0, 0, 1, 0)",0
0101010011,0.533338054193,"(0, 1, 0, 1, 0, 1, 0, 0, 1, 1)",0
0101010100,0.419044468412,"(0, 1, 0, 1, 0, 1, 0, 1, 0, 0)",0
0101010101,0.524482330034,"(0, 1, 0, 1, 0, 1, 0, 1, 0, 1)",0
0101010110,0.437671244986,"(0, 1, 0, 1, 0, 1, 0, 1, 1, 0)",0
0101010111,0.486927636248,"(0, 1, 0, 1, 0, 1, 0, 1, 1, 1)",0
0101011000,0.485187907575,"(0, 1, 0, 1, 0, 1, 1, 0, 0, 0)",0
0101011001,0.684452089739,"(0, 1, 0, 1, 0, 1, 1, 0, 0, 1)",1
0101011010,0.591340509647,"(0, 1, 0, 1, 0, 1, 1, 0, 1, 0)",0
0101011011,0.616974381994,"(0, 1, 0, 1, 0, 1, 1, 0, 1, 1)",0
0101011100,0.569682431243,"(0, 1, 0, 1, 0, 1, 1, 1, 0, 0)",0
0101011101,0.640973030034,"(0, 1, 0, 1, 0, 1, 1, 1, 0, 1)",0
0101011110,0.545855758941,"(0, 1, 0, 1, 0, 1, 1, 1, 1, 0)",0
0101011111,0.606115050146,"(0, 1, 0, 1, 0, 1, 1, 1, 1, 1)",0
0101100000,0.553634758242,"(0, 1, 0, 1, 1, 0, 0, 0, 0, 0)",0
0101100001,0.577598230494,"(0, 1, 0, 1, 1, 0, 0, 0, 0, 1)",0
0101100010,0.480436983382,"(0, 1, 0, 1, 1, 0, 0, 0, 1, 0)",0
0101100011,0.439993212682,"(0, 1, 0, 1, 1, 0, 0, 0, 1, 1)",0
0101100100,0.417790890045,"(0, 1, 0, 1, 1, 0, 0, 1, 0, 0)",0
0101100101,0.515615638271,"(0, 1, 0, 1, 1, 0, 0, 1, 0, 1)",0
0101100110,0.534691985518,"(0, 1, 0, 1, 1, 0, 0, 1, 1, 0)",0
0101100111,0.427578448617,"(0, 1, 0, 1, 1, 0, 0, 1, 1, 1)",0
0101101000,0.407438644362,"(0, 1, 0, 1, 1, 0, 1, 0, 0, 0)",0
0101101001,0.487101039197,"(0, 1, 0, 1, 1, 0, 1, 0, 0, 1)",0
0101101010,0.511669994087,"(0, 1, 0, 1, 1, 0, 1, 0, 1, 0)",0
0101101011,0.312190565152,"(0, 1, 0, 1, 1, 0, 1, 0, 1, 1)",0
0101101100,0.316872114304,"(0, 1, 0, 1, 1, 0, 1, 1, 0, 0)",0
0101101101,0.466273609497,"(0, 1, 0, 1, 1, 0, 1, 1, 0, 1)",0
0101101110,0.499013526312,"(0, 1, 0, 1, 1, 0, 1, 1, 1, 0)",0
0101101111,0.5396697124,"(0, 1, 0, 1, 1, 0, 1, 1, 1, 1)",0
0101110000,0.444701994339,"(0, 1, 0, 1, 1, 1, 0, 0, 0, 0)",0
0101110001,0.4708940677,"(0, 1, 0, 1, 1, 1, 0, 0, 0, 1)",0
0101110010,0.563024722044,"(0, 1, 0, 1, 1, 1, 0, 0, 1, 0)",1
0101110011,0.382565169231,"(0, 1, 0, 1, 1, 1, 0, 0, 1, 1)",0
0101110100,0.451685481913,"(0, 1, 0, 1, 1, 1, 0, 1, 0, 0)",0
0101110101,0.500046958966,"(0, 1, 0, 1, 1, 1, 0, 1, 0, 1)",0
0101110110,0.517382861634,"(0, 1, 0, 1, 1, 1, 0, 1, 1, 0)",0
0101110111,0.399118047336,"(0, 1, 0, 1, 1, 1, 0, 1, 1, 1)",0
0101111000,0.463595521378,"(0, 1, 0, 1, 1, 1, 1, 0, 0, 0)",0
0101111001,0.445015507948,"(0, 1, 0, 1, 1, 1, 1, 0, 0, 1)",0
0101111010,0.432457416538,"(0, 1, 0, 1, 1, 1, 1, 0, 1, 0)",0
0101111011,0.373403540236,"(0, 1, 0, 1, 1, 1, 1, 0, 1, 1)",0
0101111100,0.539146420941,"(0, 1, 0, 1, 1, 1, 1, 1, 0, 0)",0
0101111101,0.44070053956,"(0, 1, 0, 1, 1, 1, 1, 1, 0, 1)",0
0101111110,0.572047155633,"(0, 1, 0, 1, 1, 1, 1, 1, 1, 0)",0
0101111111,0.435144526512,"(0, 1, 0, 1, 1, 1, 1, 1, 1, 1)",0
0110000000,0.512942390356,"(0, 1, 1, 0, 0, 0, 0, 0, 0, 0)",0
0110000001,0.426819390669,"(0, 1, 1, 0, 0, 0, 0, 0, 0, 1)",0
0110000010,0.407616550925,"(0, 1, 1, 0, 0, 0, 0, 0, 1, 0)",0
0110000011,0.497672521698,"(0, 1, 1, 0, 0, 0, 0, 0, 1, 1)",0
0110000100,0.483482255516,"(0, 1, 1, 0, 0, 0, 0, 1, 0, 0)",0
0110000101,0.356966025543,"(0, 1, 1, 0, 0, 0, 0, 1, 0, 1)",0
0110000110,0.489322854474,"(0, 1, 1, 0, 0, 0, 0, 1, 1, 0)",0
0110000111,0.368547318135,"(0, 1, 1, 0, 0, 0, 0, 1, 1, 1)",0
0110001000,0.466880850338,"(0, 1, 1, 0, 0, 0, 1, 0, 0, 0)",0
0110001001,0.427166933575,"(0, 1, 1, 0, 0, 0, 1, 0, 0, 1)",0
0110001010,0.475179510477,"(0, 1, 1, 0, 0, 0, 1, 0, 1, 0)",0
0110001011,0.422216728291,"(0, 1, 1, 0, 0, 0, 1, 0, 1, 1)",0
0110001100,0.573273662181,"(0, 1, 1, 0, 0, 0, 1, 1, 0, 0)",0
0110001101,0.48487423735,"(0, 1, 1, 0, 0, 0, 1, 1, 0, 1)",0
0110001110,0.58355251411,"(0, 1, 1, 0, 0, 0, 1, 1, 1, 0)",0
0110001111,0.555313207599,"(0, 1, 1, 0, 0, 0, 1, 1, 1, 1)",0
0110010000,0.41678610647,"(0, 1, 1, 0, 0, 1, 0, 0, 0, 0)",0
0110010001,0.466287533667,"(0, 1, 1, 0, 0, 1, 0, 0, 0, 1)",0
0110010010,0.419291740259,"(0, 1, 1, 0, 0, 1, 0, 0, 1, 0)",0
0110010011,0.453449353667,"(0, 1, 1, 0, 0, 1, 0, 0, 1, 1)",0
0110010100,0.597332570112,"(0, 1, 1, 0, 0, 1, 0, 1, 0, 0)",0
0110010101,0.502728542911,"(0, 1, 1, 0, 0, 1, 0, 1, 0, 1)",0
0110010110,0.570190361222,"(0, 1, 1, 0, 0, 1, 0, 1, 1, 0)",0
0110010111,0.509066629213,"(0, 1, 1, 0, 0, 1, 0, 1, 1, 1)",0
0110011000,0.538513102142,"(0, 1, 1, 0, 0, 1, 1, 0, 0, 0)",0
0110011001,0.480672445813,"(0, 1, 1, 0, 0, 1, 1, 0, 0, 1)",0
0110011010,0.558496128429,"(0, 1, 1, 0, 0, 1, 1, 0, 1, 0)",0
0110011011,0.537500826833,"(0, 1, 1, 0, 0, 1, 1, 0, 1, 1)",0
0110011100,0.674554517808,"(0, 1, 1, 0, 0, 1, 1, 1, 0, 0)",1
0110011101,0.368090579458,"(0, 1, 1, 0, 0, 1, 1, 1, 0, 1)",0
0110011110,0.508201994957,"(0, 1, 1, 0, 0, 1, 1, 1, 1, 0)",0
0110011111,0.4502598076,"(0, 1, 1, 0, 0, 1, 1, 1, 1, 1)",0
0110100000,0.555810100675,"(0, 1, 1, 0, 1, 0, 0, 0, 0, 0)",0
0110100001,0.651100251026,"(0, 1, 1, 0, 1, 0, 0, 0, 0, 1)",1
0110100010,0.632950676396,"(0, 1, 1, 0, 1, 0, 0, 0, 1, 0)",0
0110100011,0.568155221374,"(0, 1, 1, 0, 1, 0, 0, 0, 1, 1)",0
0110100100,0.503256501055,"(0, 1, 1, 0, 1, 0, 0, 1, 0, 0)",0
0110100101,0.488156174395,"(0, 1, 1, 0, 1, 0, 0, 1, 0, 1)",0
0110100110,0.694932172426,"(0, 1, 1, 0, 1, 0, 0, 1, 1, 0)",1
0110100111,0.483557776988,"(0, 1, 1, 0, 1, 0, 0, 1, 1, 1)",0
0110101000,0.466390983264,"(0, 1, 1, 0, 1, 0, 1, 0, 0, 0)",0
0110101001,0.544337208912,"(0, 1, 1, 0, 1, 0, 1, 0, 0, 1)",0
0110101010,0.65365448691,"(0, 1, 1, 0, 1, 0, 1, 0, 1, 0)",1
0110101011,0.495200769425,"(0, 1, 1, 0, 1, 0, 1, 0, 1, 1)",0
0110101100,0.430476942005,"(0, 1, 1, 0, 1, 0, 1, 1, 0, 0)",0
0110101101,0.363677847564,"(0, 1, 1, 0, 1, 0, 1, 1, 0, 1)",0
0110101110,0.627292224158,"(0, 1, 1, 0, 1, 0, 1, 1, 1, 0)",0
0110101111,0.460759819379,"(0, 1, 1, 0, 1, 0, 1, 1, 1, 1)",0
0110110000,0.38984576367,"(0, 1, 1, 0, 1, 1, 0, 0, 0, 0)",0
0110110001,0.554077000944,"(0, 1, 1, 0, 1, 1, 0, 0, 0, 1)",0
0110110010,0.470476168308,"(0, 1, 1, 0, 1, 1, 0, 0, 1, 0)",0
0110110011,0.397331318063,"(0, 1, 1, 0, 1, 1, 0, 0, 1, 1)",0
0110110100,0.389298184202,"(0, 1, 1, 0, 1, 1, 0, 1, 0, 0)",0
0110110101,0.52565681047,"(0, 1, 1, 0, 1, 1, 0, 1, 0, 1)",0
0110110110,0.570895136742,"(0, 1, 1, 0, 1, 1, 0, 1, 1, 0)",0
0110110111,0.370589920632,"(0, 1, 1, 0, 1, 1, 0, 1, 1, 1)",0
0110111000,0.43004245317,"(0, 1, 1, 0, 1, 1, 1, 0, 0, 0)",0
0110111001,0.571340114483,"(0, 1, 1, 0, 1, 1, 1, 0, 0, 1)",1
0110111010,0.566513952113,"(0, 1, 1, 0, 1, 1, 1, 0, 1, 0)",0
0110111011,0.526815935348,"(0, 1, 1, 0, 1, 1, 1, 0, 1, 1)",0
0110111100,0.478596236121,"(0, 1, 1, 0, 1, 1, 1, 1, 0, 0)",0
0110111101,0.415723164724,"(0, 1, 1, 0, 1, 1, 1, 1, 0, 1)",0
0110111110,0.51721727327,"(0, 1, 1, 0, 1, 1, 1, 1, 1, 0)",0
0110111111,0.464410509972,"(0, 1, 1, 0, 1, 1, 1, 1, 1, 1)",0
0111000000,0.446584965203,"(0, 1, 1, 1, 0, 0, 0, 0, 0, 0)",0
0111000001,0.588352998534,"(0, 1, 1, 1, 0, 0, 0, 0, 0, 1)",0
0111000010,0.418099538072,"(0, 1, 1, 1, 0, 0, 0, 0, 1, 0)",0
0111000011,0.622573234191,"(0, 1, 1, 1, 0, 0, 0, 0, 1, 1)",0
0111000100,0.503767268216,"(0, 1, 1, 1, 0, 0, 0, 1, 0, 0)",0
0111000101,0.570402048437,"(0, 1, 1, 1, 0, 0, 0, 1, 0, 1)",0
0111000110,0.598372811581,"(0, 1, 1, 1, 0, 0, 0, 1, 1, 0)",0
0111000111,0.526778539177,"(0, 1, 1, 1, 0, 0, 0, 1, 1, 1)",0
0111001000,0.4017817401,"(0, 1, 1, 1, 0, 0, 1, 0, 0, 0)",0
0111001001,0.529090480169,"(0, 1, 1, 1, 0, 0, 1, 0, 0, 1)",0
0111001010,0.305062770204,"(0, 1, 1, 1, 0, 0, 1, 0, 1, 0)",0
0111001011,0.420971459562,"(0, 1, 1, 1, 0, 0, 1, 0, 1, 1)",0
0111001100,0.397536611129,"(0, 1, 1, 1, 0, 0, 1, 1, 0, 0)",0
0111001101,0.492397929195,"(0, 1, 1, 1, 0, 0, 1, 1, 0, 1)",0
0111001110,0.521117178726,"(0, 1, 1, 1, 0, 0, 1, 1, 1, 0)",0
0111001111,0.553712063907,"(0, 1, 1, 1, 0, 0, 1, 1, 1, 1)",0
0111010000,0.487442566469,"(0, 1, 1, 1, 0, 1, 0, 0, 0, 0)",0
0111010001,0.587628581511,"(0, 1, 1, 1, 0, 1, 0, 0, 0, 1)",0
0111010010,0.399582088537,"(0, 1, 1, 1, 0, 1, 0, 0, 1, 0)",0
0111010011,0.490371488863,"(0, 1, 1, 1, 0, 1, 0, 0, 1, 1)",0
0111010100,0.519612755667,"(0, 1, 1, 1, 0, 1, 0, 1, 0, 0)",0
0111010101,0.519690443892,"(0, 1, 1, 1, 0, 1, 0, 1, 0, 1)",0
0111010110,0.631917516942,"(0, 1, 1, 1, 0, 1, 0, 1, 1, 0)",1
0111010111,0.550996011473,"(0, 1, 1, 1, 0, 1, 0, 1, 1, 1)",0
0111011000,0.601842235686,"(0, 1, 1, 1, 0, 1, 1, 0, 0, 0)",0
0111011001,0.599178056027,"(0, 1, 1, 1, 0, 1, 1, 0, 0, 1)",0
0111011010,0.56248386827,"(0, 1, 1, 1, 0, 1, 1, 0, 1, 0)",0
0111011011,0.593633189556,"(0, 1, 1, 1, 0, 1, 1, 0, 1, 1)",0
0111011100,0.610906368025,"(0, 1, 1, 1, 0, 1, 1, 1, 0, 0)",0
0111011101,0.431763278918,"(0, 1, 1, 1, 0, 1, 1, 1, 0, 1)",0
0111011110,0.53374083716,"(0, 1, 1, 1, 0, 1, 1, 1, 1, 0)",0
0111011111,0.548618974635,"(0, 1, 1, 1, 0, 1, 1, 1, 1, 1)",0
0111100000,0.578379534704,"(0, 1, 1, 1, 1, 0, 0, 0, 0, 0)",0
0111100001,0.647491856805,"(0, 1, 1, 1, 1, 0, 0, 0, 0, 1)",0
0111100010,0.36601202971,"(0, 1, 1, 1, 1, 0, 0, 0, 1, 0)",0
0111100011,0.640501622147,"(0, 1, 1, 1, 1, 0, 0, 0, 1, 1)",0
0111100100,0.352744992215,"(0, 1, 1, 1, 1, 0, 0, 1, 0, 0)",0
0111100101,0.495860871551,"(0, 1, 1, 1, 1, 0, 0, 1, 0, 1)",0
0111100110,0.473103075523,"(0, 1, 1, 1, 1, 0, 0, 1, 1, 0)",0
0111100111,0.536950619955,"(0, 1, 1, 1, 1, 0, 0, 1, 1, 1)",0
0111101000,0.568397400801,"(0, 1, 1, 1, 1, 0, 1, 0, 0, 0)",0
0111101001,0.59678273832,"(0, 1, 1, 1, 1, 0, 1, 0, 0, 1)",0
0111101010,0.535960806225,"(0, 1, 1, 1, 1, 0, 1, 0, 1, 0)",0
0111101011,0.643135804294,"(0, 1, 1, 1, 1, 0, 1, 0, 1, 1)",0
0111101100,0.319987294634,"(0, 1, 1, 1, 1, 0, 1, 1, 0, 0)",0
0111101101,0.369606406437,"(0, 1, 1, 1, 1, 0, 1, 1, 0, 1)",0
0111101110,0.400816663725,"(0, 1, 1, 1, 1, 0, 1, 1, 1, 0)",0
0111101111,0.697230674148,"(0, 1, 1, 1, 1, 0, 1, 1, 1, 1)",1
0111110000,0.30078989854,"(0, 1, 1, 1, 1, 1, 0, 0, 0, 0)",0
0111110001,0.34909286361,"(0, 1, 1, 1, 1, 1, 0, 0, 0, 1)",0
0111110010,0.33290445412,"(0, 1, 1, 1, 1, 1, 0, 0, 1, 0)",0
0111110011,0.444340306305,"(0, 1, 1, 1, 1, 1, 0, 0, 1, 1)",0
0111110100,0.343896973433,"(0, 1, 1, 1, 1, 1, 0, 1, 0, 0)",0
0111110101,0.414511623455,"(0, 1, 1, 1, 1, 1, 0, 1, 0, 1)",0
0111110110,0.434713507435,"(0, 1, 1, 1, 1, 1, 0, 1, 1, 0)",0
0111110111,0.46437181633,"(0, 1, 1, 1, 1, 1, 0, 1, 1, 1)",0
0111111000,0.494442867461,"(0, 1, 1, 1, 1, 1, 1, 0, 0, 0)",0
0111111001,0.401547838576,"(0, 1, 1, 1, 1, 1, 1, 0, 0, 1)",0
0111111010,0.337551303006,"(0, 1, 1, 1, 1, 1, 1, 0, 1, 0)",0
0111111011,0.562113895567,"(0, 1, 1, 1, 1, 1, 1, 0, 1, 1)",0
0111111100,0.5154771333,"(0, 1, 1, 1, 1, 1, 1, 1, 0, 0)",0
0111111101,0.294210910387,"(0, 1, 1, 1, 1, 1, 1, 1, 0, 1)",0
0111111110,0.423834638093,"(0, 1, 1, 1, 1, 1, 1, 1, 1, 0)",0
0111111111,0.519651875168,"(0, 1, 1, 1, 1, 1, 1, 1, 1, 1)",0
1000000000,0.414687715986,"(1, 0, 0, 0, 0, 0, 0, 0, 0, 0)",0
1000000001,0.427859513991,"(1, 0, 0, 0, 0, 0, 0, 0, 0, 1)",0
1000000010,0.470398318956,"(1, 0, 0, 0, 0, 0, 0, 0, 1, 0)",0
1000000011,0.539171674418,"(1, 0, 0, 0, 0, 0, 0, 0, 1, 1)",0
1000000100,0.432000022229,"(1, 0, 0, 0, 0, 0, 0, 1, 0, 0)",0
1000000101,0.389060221884,"(1, 0, 0, 0, 0, 0, 0, 1, 0, 1)",0
1000000110,0.485809807897,"(1, 0, 0, 0, 0, 0, 0, 1, 1, 0)",0
1000000111,0.432100244745,"(1, 0, 0, 0, 0, 0, 0, 1, 1, 1)",0
1000001000,0.332914662236,"(1, 0, 0, 0, 0, 0, 1, 0, 0, 0)",0
1000001001,0.45219807098,"(1, 0, 0, 0, 0, 0, 1, 0, 0, 1)",0
1000001010,0.385864859474,"(1, 0, 0, 0, 0, 0, 1, 0, 1, 0)",0
1000001011,0.46338948277,"(1, 0, 0, 0, 0, 0, 1, 0, 1, 1)",0
1000001100,0.414763603557,"(1, 0, 0, 0, 0, 0, 1, 1, 0, 0)",0
1000001101,0.416312630229,"(1, 0, 0, 0, 0, 0, 1, 1, 0, 1)",0
1000001110,0.466510517266,"(1, 0, 0, 0, 0, 0, 1, 1, 1, 0)",0
1000001111,0.351267326284,"(1, 0, 0, 0, 0, 0, 1, 1, 1, 1)",0
1000010000,0.550360881743,"(1, 0, 0, 0, 0, 1, 0, 0, 0, 0)",0
1000010001,0.534625411986,"(1, 0, 0, 0, 0, 1, 0, 0, 0, 1)",0
1000010010,0.436348646852,"(1, 0, 0, 0, 0, 1, 0, 0, 1, 0)",0
1000010011,0.565533632149,"(1, 0, 0, 0, 0, 1, 0, 0, 1, 1)",0
1000010100,0.535260569238,"(1, 0, 0, 0, 0, 1, 0, 1, 0, 0)",0
1000010101,0.449554798692,"(1, 0, 0, 0, 0, 1, 0, 1, 0, 1)",0
1000010110,0.592570118444,"(1, 0, 0, 0, 0, 1, 0, 1, 1, 0)",0
1000010111,0.505501327756,"(1, 0, 0, 0, 0, 1, 0, 1, 1, 1)",0
1000011000,0.529275330763,"(1, 0, 0, 0, 0, 1, 1, 0, 0, 0)",0
1000011001,0.553397889811,"(1, 0, 0, 0, 0, 1, 1, 0, 0, 1)",0
1000011010,0.521128993646,"(1, 0, 0, 0, 0, 1, 1, 0, 1, 0)",0
1000011011,0.70380990107,"(1, 0, 0, 0, 0, 1, 1, 0, 1, 1)",1
1000011100,0.415038284877,"(1, 0, 0, 0, 0, 1, 1, 1, 0, 0)",0
1000011101,0.406283387989,"(1, 0, 0, 0, 0, 1, 1, 1, 0, 1)",0
1000011110,0.461309324505,"(1, 0, 0, 0, 0, 1, 1, 1, 1, 0)",0
1000011111,0.324772090007,"(1, 0, 0, 0, 0, 1, 1, 1, 1, 1)",0
1000100000,0.480158577989,"(1, 0, 0, 0, 1, 0, 0, 0, 0, 0)",0
1000100001,0.340994071589,"(1, 0, 0, 0, 1, 0, 0, 0, 0, 1)",0
1000100010,0.4528537181,"(1, 0, 0, 0, 1, 0, 0, 0, 1, 0)",0
1000100011,0.397425937937,"(1, 0, 0, 0, 1, 0, 0, 0, 1, 1)",0
1000100100,0.495695797915,"(1, 0, 0, 0, 1, 0, 0, 1, 0, 0)",0
1000100101,0.245409172533,"(1, 0, 0, 0, 1, 0, 0, 1, 0, 1)",0
1000100110,0.6154748783,"(1, 0, 0, 0, 1, 0, 0, 1, 1, 0)",0
1000100111,0.475141524651,"(1, 0, 0, 0, 1, 0, 0, 1, 1, 1)",0
1000101000,0.422896484743,"(1, 0, 0, 0, 1, 0, 1, 0, 0, 0)",0
1000101001,0.490153175185,"(1, 0, 0, 0, 1, 0, 1, 0, 0, 1)",0
1000101010,0.461224963107,"(1, 0, 0, 0, 1, 0, 1, 0, 1, 0)",0
1000101011,0.40347176289,"(1, 0, 0, 0, 1, 0, 1, 0, 1, 1)",0
1000101100,0.512844382154,"(1, 0, 0, 0, 1, 0, 1, 1, 0, 0)",0
1000101101,0.433024019216,"(1, 0, 0, 0, 1, 0, 1, 1, 0, 1)",0
1000101110,0.684733094354,"(1, 0, 0, 0, 1, 0, 1, 1, 1, 0)",1
1000101111,0.488723807032,"(1, 0, 0, 0, 1, 0, 1, 1, 1, 1)",0
1000110000,0.566934124999,"(1, 0, 0, 0, 1, 1, 0, 0, 0, 0)",0
1000110001,0.481143504385,"(1, 0, 0, 0, 1, 1, 0, 0, 0, 1)",0
1000110010,0.506374705708,"(1, 0, 0, 0, 1, 1, 0, 0, 1, 0)",0
1000110011,0.597156098665,"(1, 0, 0, 0, 1, 1, 0, 0, 1, 1)",0
1000110100,0.469443724177,"(1, 0, 0, 0, 1, 1, 0, 1, 0, 0)",0
1000110101,0.414147203214,"(1, 0, 0, 0, 1, 1, 0, 1, 0, 1)",0
1000110110,0.568226695733,"(1, 0, 0, 0, 1, 1, 0, 1, 1, 0)",0
1000110111,0.553976804435,"(1, 0, 0, 0, 1, 1, 0, 1, 1, 1)",0
1000111000,0.333643387969,"(1, 0, 0, 0, 1, 1, 1, 0, 0, 0)",0
1000111001,0.465501956973,"(1, 0, 0, 0, 1, 1, 1, 0, 0, 1)",0
1000111010,0.362802755347,"(1, 0, 0, 0, 1, 1, 1, 0, 1, 0)",0
1000111011,0.462792858033,"(1, 0, 0, 0, 1, 1, 1, 0, 1, 1)",0
1000111100,0.501752086371,"(1, 0, 0, 0, 1, 1, 1, 1, 0, 0)",0
1000111101,0.545172377799,"(1, 0, 0, 0, 1, 1, 1, 1, 0, 1)",0
1000111110,0.53740838313,"(1, 0, 0, 0, 1, 1, 1, 1, 1, 0)",0
1000111111,0.445279735841,"(1, 0, 0, 0, 1, 1, 1, 1, 1, 1)",0
1001000000,0.596429575827,"(1, 0, 0, 1, 0, 0, 0, 0, 0, 0)",0
1001000001,0.669241423593,"(1, 0, 0, 1, 0, 0, 0, 0, 0, 1)",1
1001000010,0.564402342318,"(1, 0, 0, 1, 0, 0, 0, 0, 1, 0)",0
1001000011,0.594354918729,"(1, 0, 0, 1, 0, 0, 0, 0, 1, 1)",0
1001000100,0.505267671116,"(1, 0, 0, 1, 0, 0, 0, 1, 0, 0)",0
1001000101,0.475915496461,"(1, 0, 0, 1, 0, 0, 0, 1, 0, 1)",0
1001000110,0.534820308327,"(1, 0, 0, 1, 0, 0, 0, 1, 1, 0)",0
1001000111,0.50029223454,"(1, 0, 0, 1, 0, 0, 0, 1, 1, 1)",0
1001001000,0.353052485263,"(1, 0, 0, 1, 0, 0, 1, 0, 0, 0)",0
1001001001,0.471107567581,"(1, 0, 0, 1, 0, 0, 1, 0, 0, 1)",0
1001001010,0.379001730702,"(1, 0, 0, 1, 0, 0, 1, 0, 1, 0)",0
1001001011,0.472159321145,"(1, 0, 0, 1, 0, 0, 1, 0, 1, 1)",0
1001001100,0.454420064041,"(1, 0, 0, 1, 0, 0, 1, 1, 0, 0)",0
1001001101,0.459666449107,"(1, 0, 0, 1, 0, 0, 1, 1, 0, 1)",0
1001001110,0.593607877483,"(1, 0, 0, 1, 0, 0, 1, 1, 1, 0)",0
1001001111,0.509199103622,"(1, 0, 0, 1, 0, 0, 1, 1, 1, 1)",0
1001010000,0.568735177486,"(1, 0, 0, 1, 0, 1, 0, 0, 0, 0)",0
1001010001,0.465958301001,"(1, 0, 0, 1, 0, 1, 0, 0, 0, 1)",0
1001010010,0.43057459226,"(1, 0, 0, 1, 0, 1, 0, 0, 1, 0)",0
1001010011,0.493677848763,"(1, 0, 0, 1, 0, 1, 0, 0, 1, 1)",0
1001010100,0.494354168412,"(1, 0, 0, 1, 0, 1, 0, 1, 0, 0)",0
1001010101,0.354291717473,"(1, 0, 0, 1, 0, 1, 0, 1, 0, 1)",0
1001010110,0.49956719024,"(1, 0, 0, 1, 0, 1, 0, 1, 1, 0)",0
1001010111,0.393225840206,"(1, 0, 0, 1, 0, 1, 0, 1, 1, 1)",0
1001011000,0.556114871413,"(1, 0, 0, 1, 0, 1, 1, 0, 0, 0)",0
1001011001,0.49768791256,"(1, 0, 0, 1, 0, 1, 1, 0, 0, 1)",0
1001011010,0.425027101419,"(1, 0, 0, 1, 0, 1, 1, 0, 1, 0)",0
1001011011,0.537139116013,"(1, 0, 0, 1, 0, 1, 1, 0, 1, 1)",0
1001011100,0.545821664439,"(1, 0, 0, 1, 0, 1, 1, 1, 0, 0)",0
1001011101,0.515349220974,"(1, 0, 0, 1, 0, 1, 1, 1, 0, 1)",0
1001011110,0.492275556912,"(1, 0, 0, 1, 0, 1, 1, 1, 1, 0)",0
1001011111,0.429083861361,"(1, 0, 0, 1, 0, 1, 1, 1, 1, 1)",0
1001100000,0.637255560507,"(1, 0, 0, 1, 1, 0, 0, 0, 0, 0)",0
1001100001,0.579484879594,"(1, 0, 0, 1, 1, 0, 0, 0, 0, 1)",0
1001100010,0.526934317755,"(1, 0, 0, 1, 1, 0, 0, 0, 1, 0)",0
1001100011,0.509302611663,"(1, 0, 0, 1, 1, 0, 0, 0, 1, 1)",0
1001100100,0.46367658495,"(1, 0, 0, 1, 1, 0, 0, 1, 0, 0)",0
1001100101,0.467865418055,"(1, 0, 0, 1, 1, 0, 0, 1, 0, 1)",0
1001100110,0.639911940055,"(1, 0, 0, 1, 1, 0, 0, 1, 1, 0)",0
1001100111,0.596550282714,"(1, 0, 0, 1, 1, 0, 0, 1, 1, 1)",0
1001101000,0.537287769042,"(1, 0, 0, 1, 1, 0, 1, 0, 0, 0)",0
1001101001,0.662555225094,"(1, 0, 0, 1, 1, 0, 1, 0, 0, 1)",1
1001101010,0.590839206141,"(1, 0, 0, 1, 1, 0, 1, 0, 1, 0)",0
1001101011,0.49722574809,"(1, 0, 0, 1, 1, 0, 1, 0, 1, 1)",0
1001101100,0.409760211084,"(1, 0, 0, 1, 1, 0, 1, 1, 0, 0)",0
1001101101,0.542617306878,"(1, 0, 0, 1, 1, 0, 1, 1, 0, 1)",0
1001101110,0.487690446588,"(1, 0, 0, 1, 1, 0, 1, 1, 1, 0)",0
1001101111,0.576377330906,"(1, 0, 0, 1, 1, 0, 1, 1, 1, 1)",0
1001110000,0.639618137096,"(1, 0, 0, 1, 1, 1, 0, 0, 0, 0)",1
1001110001,0.563599607401,"(1, 0, 0, 1, 1, 1, 0, 0, 0, 1)",0
1001110010,0.63668852203,"(1, 0, 0, 1, 1, 1, 0, 0, 1, 0)",0
1001110011,0.628690353416,"(1, 0, 0, 1, 1, 1, 0, 0, 1, 1)",0
1001110100,0.45469874683,"(1, 0, 0, 1, 1, 1, 0, 1, 0, 0)",0
1001110101,0.448046211498,"(1, 0, 0, 1, 1, 1, 0, 1, 0, 1)",0
1001110110,0.511297229441,"(1, 0, 0, 1, 1, 1, 0, 1, 1, 0)",0
1001110111,0.566889328972,"(1, 0, 0, 1, 1, 1, 0, 1, 1, 1)",0
1001111000,0.515284783637,"(1, 0, 0, 1, 1, 1, 1, 0, 0, 0)",0
1001111001,0.538651025565,"(1, 0, 0, 1, 1, 1, 1, 0, 0, 1)",0
1001111010,0.427857780187,"(1, 0, 0, 1, 1, 1, 1, 0, 1, 0)",0
1001111011,0.508748228197,"(1, 0, 0, 1, 1, 1, 1, 0, 1, 1)",0
1001111100,0.60095050994,"(1, 0, 0, 1, 1, 1, 1, 1, 0, 0)",0
1001111101,0.600365611727,"(1, 0, 0, 1, 1, 1, 1, 1, 0, 1)",0
1001111110,0.571637758806,"(1, 0, 0, 1, 1, 1, 1, 1, 1, 0)",0
1001111111,0.468011577713,"(1, 0, 0, 1, 1, 1, 1, 1, 1, 1)",0
1010000000,0.460117541686,"(1, 0, 1, 0, 0, 0, 0, 0, 0, 0)",0
1010000001,0.547763657933,"(1, 0, 1, 0, 0, 0, 0, 0, 0, 1)",0
1010000010,0.383267362978,"(1, 0, 1, 0, 0, 0, 0, 0, 1, 0)",0
1010000011,0.457112709045,"(1, 0, 1, 0, 0, 0, 0, 0, 1, 1)",0
1010000100,0.329773655365,"(1, 0, 1, 0, 0, 0, 0, 1, 0, 0)",0
1010000101,0.447597151514,"(1, 0, 1, 0, 0, 0, 0, 1, 0, 1)",0
1010000110,0.490980631894,"(1, 0, 1, 0, 0, 0, 0, 1, 1, 0)",0
1010000111,0.546930080911,"(1, 0, 1, 0, 0, 0, 0, 1, 1, 1)",0
1010001000,0.436311089006,"(1, 0, 1, 0, 0, 0, 1, 0, 0, 0)",0
1010001001,0.505597145568,"(1, 0, 1, 0, 0, 0, 1, 0, 0, 1)",0
1010001010,0.420954418392,"(1, 0, 1, 0, 0, 0, 1, 0, 1, 0)",0
1010001011,0.48351582475,"(1, 0, 1, 0, 0, 0, 1, 0, 1, 1)",0
1010001100,0.550134408177,"(1, 0, 1, 0, 0, 0, 1, 1, 0, 0)",0
1010001101,0.577293794543,"(1, 0, 1, 0, 0, 0, 1, 1, 0, 1)",0
1010001110,0.700585328735,"(1, 0, 1, 0, 0, 0, 1, 1, 1, 0)",1
1010001111,0.623935459451,"(1, 0, 1, 0, 0, 0, 1, 1, 1, 1)",0
1010010000,0.511423395442,"(1, 0, 1, 0, 0, 1, 0, 0, 0, 0)",0
1010010001,0.556883970477,"(1, 0, 1, 0, 0, 1, 0, 0, 0, 1)",0
1010010010,0.356220901186,"(1, 0, 1, 0, 0, 1, 0, 0, 1, 0)",0
1010010011,0.477199603639,"(1, 0, 1, 0, 0, 1, 0, 0, 1, 1)",0
1010010100,0.389124855662,"(1, 0, 1, 0, 0, 1, 0, 1, 0, 0)",0
1010010101,0.450904108159,"(1, 0, 1, 0, 0, 1, 0, 1, 0, 1)",0
1010010110,0.42542881997,"(1, 0, 1, 0, 0, 1, 0, 1, 1, 0)",0
1010010111,0.434740768001,"(1, 0, 1, 0, 0, 1, 0, 1, 1, 1)",0
1010011000,0.521304271332,"(1, 0, 1, 0, 0, 1, 1, 0, 0, 0)",0
1010011001,0.482151204748,"(1, 0, 1, 0, 0, 1, 1, 0, 0, 1)",0
1010011010,0.377188723009,"(1, 0, 1, 0, 0, 1, 1, 0, 1, 0)",0
1010011011,0.531628140045,"(1, 0, 1, 0, 0, 1, 1, 0, 1, 1)",0
1010011100,0.442976119378,"(1, 0, 1, 0, 0, 1, 1, 1, 0, 0)",0
1010011101,0.446553308734,"(1, 0, 1, 0, 0, 1, 1, 1, 0, 1)",0
1010011110,0.459921653221,"(1, 0, 1, 0, 0, 1, 1, 1, 1, 0)",0
1010011111,0.348699466971,"(1, 0, 1, 0, 0, 1, 1, 1, 1, 1)",0
1010100000,0.560263971617,"(1, 0, 1, 0, 1, 0, 0, 0, 0, 0)",0
1010100001,0.489667629202,"(1, 0, 1, 0, 1, 0, 0, 0, 0, 1)",0
1010100010,0.418450503401,"(1, 0, 1, 0, 1, 0, 0, 0, 1, 0)",0
1010100011,0.383231918441,"(1, 0, 1, 0, 1, 0, 0, 0, 1, 1)",0
1010100100,0.489249312956,"(1, 0, 1, 0, 1, 0, 0, 1, 0, 0)",0
1010100101,0.39381982981,"(1, 0, 1, 0, 1, 0, 0, 1, 0, 1)",0
1010100110,0.656323663076,"(1, 0, 1, 0, 1, 0, 0, 1, 1, 0)",0
1010100111,0.640786526191,"(1, 0, 1, 0, 1, 0, 0, 1, 1, 1)",0
1010101000,0.461627927865,"(1, 0, 1, 0, 1, 0, 1, 0, 0, 0)",0
1010101001,0.472981111866,"(1, 0, 1, 0, 1, 0, 1, 0, 0, 1)",0
1010101010,0.510557807511,"(1, 0, 1, 0, 1, 0, 1, 0, 1, 0)",0
1010101011,0.452978594953,"(1, 0, 1, 0, 1, 0, 1, 0, 1, 1)",0
1010101100,0.464800107378,"(1, 0, 1, 0, 1, 0, 1, 1, 0, 0)",0
1010101101,0.404683949876,"(1, 0, 1, 0, 1, 0, 1, 1, 0, 1)",0
1010101110,0.609626196118,"(1, 0, 1, 0, 1, 0, 1, 1, 1, 0)",0
1010101111,0.467347435091,"(1, 0, 1, 0, 1, 0, 1, 1, 1, 1)",0
1010110000,0.603030296159,"(1, 0, 1, 0, 1, 1, 0, 0, 0, 0)",0
1010110001,0.546198970993,"(1, 0, 1, 0, 1, 1, 0, 0, 0, 1)",0
1010110010,0.380577781982,"(1, 0, 1, 0, 1, 1, 0, 0, 1, 0)",0
1010110011,0.451959501605,"(1, 0, 1, 0, 1, 1, 0, 0, 1, 1)",0
1010110100,0.402718583838,"(1, 0, 1, 0, 1, 1, 0, 1, 0, 0)",0
1010110101,0.462670336574,"(1, 0, 1, 0, 1, 1, 0, 1, 0, 1)",0
1010110110,0.491281058383,"(1, 0, 1, 0, 1, 1, 0, 1, 1, 0)",0
1010110111,0.562218515314,"(1, 0, 1, 0, 1, 1, 0, 1, 1, 1)",0
1010111000,0.434945015238,"(1, 0, 1, 0, 1, 1, 1, 0, 0, 0)",0
1010111001,0.471291209265,"(1, 0, 1, 0, 1, 1, 1, 0, 0, 1)",0
1010111010,0.427473904199,"(1, 0, 1, 0, 1, 1, 1, 0, 1, 0)",0
1010111011,0.488029126006,"(1, 0, 1, 0, 1, 1, 1, 0, 1, 1)",0
1010111100,0.572164102562,"(1, 0, 1, 0, 1, 1, 1, 1, 0, 0)",0
1010111101,0.595679730889,"(1, 0, 1, 0, 1, 1, 1, 1, 0, 1)",1
1010111110,0.600793636978,"(1, 0, 1, 0, 1, 1, 1, 1, 1, 0)",0
1010111111,0.522786647446,"(1, 0, 1, 0, 1, 1, 1, 1, 1, 1)",0
1011000000,0.46866908293,"(1, 0, 1, 1, 0, 0, 0, 0, 0, 0)",0
1011000001,0.606331288282,"(1, 0, 1, 1, 0, 0, 0, 0, 0, 1)",0
1011000010,0.515136384213,"(1, 0, 1, 1, 0, 0, 0, 0, 1, 0)",0
1011000011,0.592807282668,"(1, 0, 1, 1, 0, 0, 0, 0, 1, 1)",0
1011000100,0.482352405437,"(1, 0, 1, 1, 0, 0, 0, 1, 0, 0)",0
1011000101,0.513953542487,"(1, 0, 1, 1, 0, 0, 0, 1, 0, 1)",0
1011000110,0.446456083811,"(1, 0, 1, 1, 0, 0, 0, 1, 1, 0)",0
1011000111,0.633713242523,"(1, 0, 1, 1, 0, 0, 0, 1, 1, 1)",1
1011001000,0.446047073326,"(1, 0, 1, 1, 0, 0, 1, 0, 0, 0)",0
1011001001,0.504480842805,"(1, 0, 1, 1, 0, 0, 1, 0, 0, 1)",0
1011001010,0.372149840368,"(1, 0, 1, 1, 0, 0, 1, 0, 1, 0)",0
1011001011,0.492990545311,"(1, 0, 1, 1, 0, 0, 1, 0, 1, 1)",0
1011001100,0.532908834985,"(1, 0, 1, 1, 0, 0, 1, 1, 0, 0)",0
1011001101,0.463955594957,"(1, 0, 1, 1, 0, 0, 1, 1, 0, 1)",0
1011001110,0.510793228652,"(1, 0, 1, 1, 0, 0, 1, 1, 1, 0)",0
1011001111,0.577103996819,"(1, 0, 1, 1, 0, 0, 1, 1, 1, 1)",0
1011010000,0.544149459491,"(1, 0, 1, 1, 0, 1, 0, 0, 0, 0)",0
1011010001,0.583273715103,"(1, 0, 1, 1, 0, 1, 0, 0, 0, 1)",0
1011010010,0.345057921204,"(1, 0, 1, 1, 0, 1, 0, 0, 1, 0)",0
1011010011,0.532930274263,"(1, 0, 1, 1, 0, 1, 0, 0, 1, 1)",0
1011010100,0.391186442553,"(1, 0, 1, 1, 0, 1, 0, 1, 0, 0)",0
1011010101,0.38912807783,"(1, 0, 1, 1, 0, 1, 0, 1, 0, 1)",0
1011010110,0.281069134466,"(1, 0, 1, 1, 0, 1, 0, 1, 1, 0)",0
1011010111,0.473563791442,"(1, 0, 1, 1, 0, 1, 0, 1, 1, 1)",0
1011011000,0.600440846978,"(1, 0, 1, 1, 0, 1, 1, 0, 0, 0)",0
1011011001,0.559443349797,"(1, 0, 1, 1, 0, 1, 1, 0, 0, 1)",0
1011011010,0.443460972643,"(1, 0, 1, 1, 0, 1, 1, 0, 1, 0)",0
1011011011,0.660306876248,"(1, 0, 1, 1, 0, 1, 1, 0, 1, 1)",1
1011011100,0.577519179672,"(1, 0, 1, 1, 0, 1, 1, 1, 0, 0)",0
1011011101,0.549897885624,"(1, 0, 1, 1, 0, 1, 1, 1, 0, 1)",0
1011011110,0.397783462941,"(1, 0, 1, 1, 0, 1, 1, 1, 1, 0)",0
1011011111,0.562362083928,"(1, 0, 1, 1, 0, 1, 1, 1, 1, 1)",0
1011100000,0.602178084463,"(1, 0, 1, 1, 1, 0, 0, 0, 0, 0)",0
1011100001,0.57111703893,"(1, 0, 1, 1, 1, 0, 0, 0, 0, 1)",0
1011100010,0.467293606733,"(1, 0, 1, 1, 1, 0, 0, 0, 1, 0)",0
1011100011,0.465856013743,"(1, 0, 1, 1, 1, 0, 0, 0, 1, 1)",0
1011100100,0.381976864238,"(1, 0, 1, 1, 1, 0, 0, 1, 0, 0)",0
1011100101,0.408978286842,"(1, 0, 1, 1, 1, 0, 0, 1, 0, 1)",0
1011100110,0.441825387244,"(1, 0, 1, 1, 1, 0, 0, 1, 1, 0)",0
1011100111,0.588724753459,"(1, 0, 1, 1, 1, 0, 0, 1, 1, 1)",0
1011101000,0.466920588164,"(1, 0, 1, 1, 1, 0, 1, 0, 0, 0)",0
1011101001,0.494426009171,"(1, 0, 1, 1, 1, 0, 1, 0, 0, 1)",0
1011101010,0.592587440789,"(1, 0, 1, 1, 1, 0, 1, 0, 1, 0)",0
1011101011,0.495132888297,"(1, 0, 1, 1, 1, 0, 1, 0, 1, 1)",0
1011101100,0.491855206853,"(1, 0, 1, 1, 1, 0, 1, 1, 0, 0)",0
1011101101,0.512371955347,"(1, 0, 1, 1, 1, 0, 1, 1, 0, 1)",0
1011101110,0.484787143479,"(1, 0, 1, 1, 1, 0, 1, 1, 1, 0)",0
1011101111,0.692669360884,"(1, 0, 1, 1, 1, 0, 1, 1, 1, 1)",1
1011110000,0.56121106029,"(1, 0, 1, 1, 1, 1, 0, 0, 0, 0)",0
1011110001,0.472867323916,"(1, 0, 1, 1, 1, 1, 0, 0, 0, 1)",0
1011110010,0.586679768256,"(1, 0, 1, 1, 1, 1, 0, 0, 1, 0)",0
1011110011,0.555840870684,"(1, 0, 1, 1, 1, 1, 0, 0, 1, 1)",0
1011110100,0.43624148926,"(1, 0, 1, 1, 1, 1, 0, 1, 0, 0)",0
1011110101,0.413366701367,"(1, 0, 1, 1, 1, 1, 0, 1, 0, 1)",0
1011110110,0.398115306217,"(1, 0, 1, 1, 1, 1, 0, 1, 1, 0)",0
1011110111,0.604933587245,"(1, 0, 1, 1, 1, 1, 0, 1, 1, 1)",1
1011111000,0.519863383156,"(1, 0, 1, 1, 1, 1, 1, 0, 0, 0)",0
1011111001,0.40643274798,"(1, 0, 1, 1, 1, 1, 1, 0, 0, 1)",0
1011111010,0.515466279918,"(1, 0, 1, 1, 1, 1, 1, 0, 1, 0)",0
1011111011,0.553480791428,"(1, 0, 1, 1, 1, 1, 1, 0, 1, 1)",0
1011111100,0.629967290782,"(1, 0, 1, 1, 1, 1, 1, 1, 0, 0)",0
1011111101,0.47800720321,"(1, 0, 1, 1, 1, 1, 1, 1, 0, 1)",0
1011111110,0.49242505379,"(1, 0, 1, 1, 1, 1, 1, 1, 1, 0)",0
1011111111,0.468959363725,"(1, 0, 1, 1, 1, 1, 1, 1, 1, 1)",0
1100000000,0.514271025309,"(1, 1, 0, 0, 0, 0, 0, 0, 0, 0)",0
1100000001,0.347316638586,"(1, 1, 0, 0, 0, 0, 0, 0, 0, 1)",0
1100000010,0.637161551355,"(1, 1, 0, 0, 0, 0, 0, 0, 1, 0)",1
1100000011,0.602001735666,"(1, 1, 0, 0, 0, 0, 0, 0, 1, 1)",0
1100000100,0.540529790971,"(1, 1, 0, 0, 0, 0, 0, 1, 0, 0)",0
1100000101,0.540832681047,"(1, 1, 0, 0, 0, 0, 0, 1, 0, 1)",0
1100000110,0.526930073578,"(1, 1, 0, 0, 0, 0, 0, 1, 1, 0)",0
1100000111,0.483470503483,"(1, 1, 0, 0, 0, 0, 0, 1, 1, 1)",0
1100001000,0.492833722713,"(1, 1, 0, 0, 0, 0, 1, 0, 0, 0)",0
1100001001,0.368800760395,"(1, 1, 0, 0, 0, 0, 1, 0, 0, 1)",0
1100001010,0.441788698006,"(1, 1, 0, 0, 0, 0, 1, 0, 1, 0)",0
1100001011,0.437384128475,"(1, 1, 0, 0, 0, 0, 1, 0, 1, 1)",0
1100001100,0.37910930785,"(1, 1, 0, 0, 0, 0, 1, 1, 0, 0)",0
1100001101,0.335710191002,"(1, 1, 0, 0, 0, 0, 1, 1, 0, 1)",0
1100001110,0.415812858824,"(1, 1, 0, 0, 0, 0, 1, 1, 1, 0)",0
1100001111,0.384602580294,"(1, 1, 0, 0, 0, 0, 1, 1, 1, 1)",0
1100010000,0.453732438326,"(1, 1, 0, 0, 0, 1, 0, 0, 0, 0)",0
1100010001,0.453732018258,"(1, 1, 0, 0, 0, 1, 0, 0, 0, 1)",0
1100010010,0.472254882451,"(1, 1, 0, 0, 0, 1, 0, 0, 1, 0)",0
1100010011,0.531753198745,"(1, 1, 0, 0, 0, 1, 0, 0, 1, 1)",0
1100010100,0.57604864217,"(1, 1, 0, 0, 0, 1, 0, 1, 0, 0)",0
1100010101,0.544711161956,"(1, 1, 0, 0, 0, 1, 0, 1, 0, 1)",0
1100010110,0.606669059531,"(1, 1, 0, 0, 0, 1, 0, 1, 1, 0)",1
1100010111,0.568338560228,"(1, 1, 0, 0, 0, 1, 0, 1, 1, 1)",0
1100011000,0.544637383177,"(1, 1, 0, 0, 0, 1, 1, 0, 0, 0)",0
1100011001,0.439804056444,"(1, 1, 0, 0, 0, 1, 1, 0, 0, 1)",0
1100011010,0.59918678521,"(1, 1, 0, 0, 0, 1, 1, 0, 1, 0)",0
1100011011,0.617835667597,"(1, 1, 0, 0, 0, 1, 1, 0, 1, 1)",0
1100011100,0.47312645462,"(1, 1, 0, 0, 0, 1, 1, 1, 0, 0)",0
1100011101,0.362934095644,"(1, 1, 0, 0, 0, 1, 1, 1, 0, 1)",0
1100011110,0.492724985206,"(1, 1, 0, 0, 0, 1, 1, 1, 1, 0)",0
1100011111,0.483123520861,"(1, 1, 0, 0, 0, 1, 1, 1, 1, 1)",0
1100100000,0.5113683202,"(1, 1, 0, 0, 1, 0, 0, 0, 0, 0)",0
1100100001,0.45714013204,"(1, 1, 0, 0, 1, 0, 0, 0, 0, 1)",0
1100100010,0.571871489864,"(1, 1, 0, 0, 1, 0, 0, 0, 1, 0)",0
1100100011,0.592271126421,"(1, 1, 0, 0, 1, 0, 0, 0, 1, 1)",0
1100100100,0.481766233827,"(1, 1, 0, 0, 1, 0, 0, 1, 0, 0)",0
1100100101,0.539784801832,"(1, 1, 0, 0, 1, 0, 0, 1, 0, 1)",0
1100100110,0.554763917628,"(1, 1, 0, 0, 1, 0, 0, 1, 1, 0)",0
1100100111,0.604441144906,"(1, 1, 0, 0, 1, 0, 0, 1, 1, 1)",1
1100101000,0.52811462108,"(1, 1, 0, 0, 1, 0, 1, 0, 0, 0)",0
1100101001,0.617117443427,"(1, 1, 0, 0, 1, 0, 1, 0, 0, 1)",0
1100101010,0.483075983977,"(1, 1, 0, 0, 1, 0, 1, 0, 1, 0)",0
1100101011,0.523154178804,"(1, 1, 0, 0, 1, 0, 1, 0, 1, 1)",0
1100101100,0.358328707988,"(1, 1, 0, 0, 1, 0, 1, 1, 0, 0)",0
1100101101,0.498622704496,"(1, 1, 0, 0, 1, 0, 1, 1, 0, 1)",0
1100101110,0.53580216393,"(1, 1, 0, 0, 1, 0, 1, 1, 1, 0)",0
1100101111,0.603586376931,"(1, 1, 0, 0, 1, 0, 1, 1, 1, 1)",0
1100110000,0.437777607461,"(1, 1, 0, 0, 1, 1, 0, 0, 0, 0)",0
1100110001,0.447545961404,"(1, 1, 0, 0, 1, 1, 0, 0, 0, 1)",0
1100110010,0.530380973664,"(1, 1, 0, 0, 1, 1, 0, 0, 1, 0)",0
1100110011,0.545997707388,"(1, 1, 0, 0, 1, 1, 0, 0, 1, 1)",0
1100110100,0.449891846853,"(1, 1, 0, 0, 1, 1, 0, 1, 0, 0)",0
1100110101,0.528787541089,"(1, 1, 0, 0, 1, 1, 0, 1, 0, 1)",0
1100110110,0.542613793042,"(1, 1, 0, 0, 1, 1, 0, 1, 1, 0)",0
1100110111,0.571624202899,"(1, 1, 0, 0, 1, 1, 0, 1, 1, 1)",0
1100111000,0.312324565047,"(1, 1, 0, 0, 1, 1, 1, 0, 0, 0)",0
1100111001,0.395051173136,"(1, 1, 0, 0, 1, 1, 1, 0, 0, 1)",0
1100111010,0.424807778051,"(1, 1, 0, 0, 1, 1, 1, 0, 1, 0)",0
1100111011,0.355287865471,"(1, 1, 0, 0, 1, 1, 1, 0, 1, 1)",0
1100111100,0.412608904032,"(1, 1, 0, 0, 1, 1, 1, 1, 0, 0)",0
1100111101,0.434415658237,"(1, 1, 0, 0, 1, 1, 1, 1, 0, 1)",0
1100111110,0.442220798226,"(1, 1, 0, 0, 1, 1, 1, 1, 1, 0)",0
1100111111,0.47154993086,"(1, 1, 0, 0, 1, 1, 1, 1, 1, 1)",0
1101000000,0.409323109627,"(1, 1, 0, 1, 0, 0, 0, 0, 0, 0)",0
1101000001,0.496343391707,"(1, 1, 0, 1, 0, 0, 0, 0, 0, 1)",0
1101000010,0.554639000952,"(1, 1, 0, 1, 0, 0, 0, 0, 1, 0)",0
1101000011,0.536026497526,"(1, 1, 0, 1, 0, 0, 0, 0, 1, 1)",0
1101000100,0.476542423337,"(1, 1, 0, 1, 0, 0, 0, 1, 0, 0)",0
1101000101,0.616678946282,"(1, 1, 0, 1, 0, 0, 0, 1, 0, 1)",1
1101000110,0.574878692861,"(1, 1, 0, 1, 0, 0, 0, 1, 1, 0)",0
1101000111,0.511624866437,"(1, 1, 0, 1, 0, 0, 0, 1, 1, 1)",0
1101001000,0.293346098891,"(1, 1, 0, 1, 0, 0, 1, 0, 0, 0)",0
1101001001,0.36241942919,"(1, 1, 0, 1, 0, 0, 1, 0, 0, 1)",0
1101001010,0.325463324144,"(1, 1, 0, 1, 0, 0, 1, 0, 1, 0)",0
1101001011,0.392059813074,"(1, 1, 0, 1, 0, 0, 1, 0, 1, 1)",0
1101001100,0.361175539572,"(1, 1, 0, 1, 0, 0, 1, 1, 0, 0)",0
1101001101,0.447719788299,"(1, 1, 0, 1, 0, 0, 1, 1, 0, 1)",0
1101001110,0.621513125655,"(1, 1, 0, 1, 0, 0, 1, 1, 1, 0)",1
1101001111,0.582161518551,"(1, 1, 0, 1, 0, 0, 1, 1, 1, 1)",0
1101010000,0.460438445713,"(1, 1, 0, 1, 0, 1, 0, 0, 0, 0)",0
1101010001,0.542197107838,"(1, 1, 0, 1, 0, 1, 0, 0, 0, 1)",0
1101010010,0.564975741261,"(1, 1, 0, 1, 0, 1, 0, 0, 1, 0)",0
1101010011,0.588226289954,"(1, 1, 0, 1, 0, 1, 0, 0, 1, 1)",1
1101010100,0.444095313388,"(1, 1, 0, 1, 0, 1, 0, 1, 0, 0)",0
1101010101,0.459113029839,"(1, 1, 0, 1, 0, 1, 0, 1, 0, 1)",0
1101010110,0.558812338747,"(1, 1, 0, 1, 0, 1, 0, 1, 1, 0)",0
1101010111,0.436699404281,"(1, 1, 0, 1, 0, 1, 0, 1, 1, 1)",0
1101011000,0.567110922995,"(1, 1, 0, 1, 0, 1, 1, 0, 0, 0)",0
1101011001,0.548528567281,"(1, 1, 0, 1, 0, 1, 1, 0, 0, 1)",0
1101011010,0.60888209391,"(1, 1, 0, 1, 0, 1, 1, 0, 1, 0)",1
1101011011,0.586796044658,"(1, 1, 0, 1, 0, 1, 1, 0, 1, 1)",0
1101011100,0.510824586955,"(1, 1, 0, 1, 0, 1, 1, 1, 0, 0)",0
1101011101,0.47962655846,"(1, 1, 0, 1, 0, 1, 1, 1, 0, 1)",0
1101011110,0.566799105761,"(1, 1, 0, 1, 0, 1, 1, 1, 1, 0)",0
1101011111,0.566033304546,"(1, 1, 0, 1, 0, 1, 1, 1, 1, 1)",0
1101100000,0.579109619684,"(1, 1, 0, 1, 1, 0, 0, 0, 0, 0)",0
1101100001,0.380662600737,"(1, 1, 0, 1, 1, 0, 0, 0, 0, 1)",0
1101100010,0.541515784188,"(1, 1, 0, 1, 1, 0, 0, 0, 1, 0)",0
1101100011,0.445161238608,"(1, 1, 0, 1, 1, 0, 0, 0, 1, 1)",0
1101100100,0.481586847903,"(1, 1, 0, 1, 1, 0, 0, 1, 0, 0)",0
1101100101,0.500379606259,"(1, 1, 0, 1, 1, 0, 0, 1, 0, 1)",0
1101100110,0.621990117744,"(1, 1, 0, 1, 1, 0, 0, 1, 1, 0)",0
1101100111,0.519744948113,"(1, 1, 0, 1, 1, 0, 0, 1, 1, 1)",0
1101101000,0.48015076249,"(1, 1, 0, 1, 1, 0, 1, 0, 0, 0)",0
1101101001,0.401551694173,"(1, 1, 0, 1, 1, 0, 1, 0, 0, 1)",0
1101101010,0.435254461825,"(1, 1, 0, 1, 1, 0, 1, 0, 1, 0)",0
1101101011,0.284922142609,"(1, 1, 0, 1, 1, 0, 1, 0, 1, 1)",0
1101101100,0.399723243151,"(1, 1, 0, 1, 1, 0, 1, 1, 0, 0)",0
1101101101,0.458993430256,"(1, 1, 0, 1, 1, 0, 1, 1, 0, 1)",0
1101101110,0.494187533718,"(1, 1, 0, 1, 1, 0, 1, 1, 1, 0)",0
1101101111,0.597773825141,"(1, 1, 0, 1, 1, 0, 1, 1, 1, 1)",0
1101110000,0.420417769928,"(1, 1, 0, 1, 1, 1, 0, 0, 0, 0)",0
1101110001,0.357855187888,"(1, 1, 0, 1, 1, 1, 0, 0, 0, 1)",0
1101110010,0.55557031806,"(1, 1, 0, 1, 1, 1, 0, 0, 1, 0)",0
1101110011,0.461366863376,"(1, 1, 0, 1, 1, 1, 0, 0, 1, 1)",0
1101110100,0.433235297986,"(1, 1, 0, 1, 1, 1, 0, 1, 0, 0)",0
1101110101,0.41058333909,"(1, 1, 0, 1, 1, 1, 0, 1, 0, 1)",0
1101110110,0.49472206655,"(1, 1, 0, 1, 1, 1, 0, 1, 1, 0)",0
1101110111,0.488190003391,"(1, 1, 0, 1, 1, 1, 0, 1, 1, 1)",0
1101111000,0.438599201457,"(1, 1, 0, 1, 1, 1, 1, 0, 0, 0)",0
1101111001,0.33073045557,"(1, 1, 0, 1, 1, 1, 1, 0, 0, 1)",0
1101111010,0.419415421337,"(1, 1, 0, 1, 1, 1, 1, 0, 1, 0)",0
1101111011,0.319755227245,"(1, 1, 0, 1, 1, 1, 1, 0, 1, 1)",0
1101111100,0.584510672013,"(1, 1, 0, 1, 1, 1, 1, 1, 0, 0)",0
1101111101,0.412120597815,"(1, 1, 0, 1, 1, 1, 1, 1, 0, 1)",0
1101111110,0.560102829634,"(1, 1, 0, 1, 1, 1, 1, 1, 1, 0)",0
1101111111,0.47254996462,"(1, 1, 0, 1, 1, 1, 1, 1, 1, 1)",0
1110000000,0.507359964383,"(1, 1, 1, 0, 0, 0, 0, 0, 0, 0)",0
1110000001,0.569920679678,"(1, 1, 1, 0, 0, 0, 0, 0, 0, 1)",0
1110000010,0.532619303095,"(1, 1, 1, 0, 0, 0, 0, 0, 1, 0)",0
1110000011,0.553223832785,"(1, 1, 1, 0, 0, 0, 0, 0, 1, 1)",0
1110000100,0.410797079776,"(1, 1, 1, 0, 0, 0, 0, 1, 0, 0)",0
1110000101,0.526975403561,"(1, 1, 1, 0, 0, 0, 0, 1, 0, 1)",0
1110000110,0.510209050159,"(1, 1, 1, 0, 0, 0, 0, 1, 1, 0)",0
1110000111,0.501218863127,"(1, 1, 1, 0, 0, 0, 0, 1, 1, 1)",0
1110001000,0.34934890011,"(1, 1, 1, 0, 0, 0, 1, 0, 0, 0)",0
1110001001,0.377437274724,"(1, 1, 1, 0, 0, 0, 1, 0, 0, 1)",0
1110001010,0.320261984136,"(1, 1, 1, 0, 0, 0, 1, 0, 1, 0)",0
1110001011,0.293933622466,"(1, 1, 1, 0, 0, 0, 1, 0, 1, 1)",0
1110001100,0.471475982679,"(1, 1, 1, 0, 0, 0, 1, 1, 0, 0)",0
1110001101,0.515818485296,"(1, 1, 1, 0, 0, 0, 1, 1, 0, 1)",0
1110001110,0.541402452108,"(1, 1, 1, 0, 0, 0, 1, 1, 1, 0)",0
1110001111,0.507084408477,"(1, 1, 1, 0, 0, 0, 1, 1, 1, 1)",0
1110010000,0.382926756053,"(1, 1, 1, 0, 0, 1, 0, 0, 0, 0)",0
1110010001,0.623486191922,"(1, 1, 1, 0, 0, 1, 0, 0, 0, 1)",0
1110010010,0.395188535159,"(1, 1, 1, 0, 0, 1, 0, 0, 1, 0)",0
1110010011,0.521495950748,"(1, 1, 1, 0, 0, 1, 0, 0, 1, 1)",0
1110010100,0.447273399852,"(1, 1, 1, 0, 0, 1, 0, 1, 0, 0)",0
1110010101,0.542856107265,"(1, 1, 1, 0, 0, 1, 0, 1, 0, 1)",0
1110010110,0.462502729232,"(1, 1, 1, 0, 0, 1, 0, 1, 1, 0)",0
1110010111,0.469686366909,"(1, 1, 1, 0, 0, 1, 0, 1, 1, 1)",0
1110011000,0.464287586302,"(1, 1, 1, 0, 0, 1, 1, 0, 0, 0)",0
1110011001,0.522620350419,"(1, 1, 1, 0, 0, 1, 1, 0, 0, 1)",0
1110011010,0.473132753714,"(1, 1, 1, 0, 0, 1, 1, 0, 1, 0)",0
1110011011,0.48090259788,"(1, 1, 1, 0, 0, 1, 1, 0, 1, 1)",0
1110011100,0.460663399652,"(1, 1, 1, 0, 0, 1, 1, 1, 0, 0)",0
1110011101,0.449257414058,"(1, 1, 1, 0, 0, 1, 1, 1, 0, 1)",0
1110011110,0.385455336057,"(1, 1, 1, 0, 0, 1, 1, 1, 1, 0)",0
1110011111,0.383790860529,"(1, 1, 1, 0, 0, 1, 1, 1, 1, 1)",0
1110100000,0.416360983281,"(1, 1, 1, 0, 1, 0, 0, 0, 0, 0)",0
1110100001,0.528239017134,"(1, 1, 1, 0, 1, 0, 0, 0, 0, 1)",0
1110100010,0.444595722043,"(1, 1, 1, 0, 1, 0, 0, 0, 1, 0)",0
1110100011,0.559759799282,"(1, 1, 1, 0, 1, 0, 0, 0, 1, 1)",0
1110100100,0.263485697633,"(1, 1, 1, 0, 1, 0, 0, 1, 0, 0)",0
1110100101,0.373970819343,"(1, 1, 1, 0, 1, 0, 0, 1, 0, 1)",0
1110100110,0.436703731163,"(1, 1, 1, 0, 1, 0, 0, 1, 1, 0)",0
1110100111,0.559850436808,"(1, 1, 1, 0, 1, 0, 0, 1, 1, 1)",0
1110101000,0.388919559203,"(1, 1, 1, 0, 1, 0, 1, 0, 0, 0)",0
1110101001,0.566634838477,"(1, 1, 1, 0, 1, 0, 1, 0, 0, 1)",0
1110101010,0.492057883046,"(1, 1, 1, 0, 1, 0, 1, 0, 1, 0)",0
1110101011,0.549212381038,"(1, 1, 1, 0, 1, 0, 1, 0, 1, 1)",0
1110101100,0.364259786053,"(1, 1, 1, 0, 1, 0, 1, 1, 0, 0)",0
1110101101,0.528886522021,"(1, 1, 1, 0, 1, 0, 1, 1, 0, 1)",0
1110101110,0.49650011322,"(1, 1, 1, 0, 1, 0, 1, 1, 1, 0)",0
1110101111,0.600176656424,"(1, 1, 1, 0, 1, 0, 1, 1, 1, 1)",0
1110110000,0.439108668653,"(1, 1, 1, 0, 1, 1, 0, 0, 0, 0)",0
1110110001,0.568351828789,"(1, 1, 1, 0, 1, 1, 0, 0, 0, 1)",0
1110110010,0.452059117393,"(1, 1, 1, 0, 1, 1, 0, 0, 1, 0)",0
1110110011,0.515808875981,"(1, 1, 1, 0, 1, 1, 0, 0, 1, 1)",0
1110110100,0.305752347223,"(1, 1, 1, 0, 1, 1, 0, 1, 0, 0)",0
1110110101,0.390483179345,"(1, 1, 1, 0, 1, 1, 0, 1, 0, 1)",0
1110110110,0.441178876396,"(1, 1, 1, 0, 1, 1, 0, 1, 1, 0)",0
1110110111,0.497027348802,"(1, 1, 1, 0, 1, 1, 0, 1, 1, 1)",0
1110111000,0.394320714247,"(1, 1, 1, 0, 1, 1, 1, 0, 0, 0)",0
1110111001,0.519128363445,"(1, 1, 1, 0, 1, 1, 1, 0, 0, 1)",0
1110111010,0.607749008499,"(1, 1, 1, 0, 1, 1, 1, 0, 1, 0)",1
1110111011,0.508673983265,"(1, 1, 1, 0, 1, 1, 1, 0, 1, 1)",0
1110111100,0.514350325583,"(1, 1, 1, 0, 1, 1, 1, 1, 0, 0)",0
1110111101,0.513858403429,"(1, 1, 1, 0, 1, 1, 1, 1, 0, 1)",0
1110111110,0.518764952116,"(1, 1, 1, 0, 1, 1, 1, 1, 1, 0)",0
1110111111,0.537354999135,"(1, 1, 1, 0, 1, 1, 1, 1, 1, 1)",0
1111000000,0.42046831283,"(1, 1, 1, 1, 0, 0, 0, 0, 0, 0)",0
1111000001,0.490455387542,"(1, 1, 1, 1, 0, 0, 0, 0, 0, 1)",0
1111000010,0.483919953809,"(1, 1, 1, 1, 0, 0, 0, 0, 1, 0)",0
1111000011,0.495033343588,"(1, 1, 1, 1, 0, 0, 0, 0, 1, 1)",0
1111000100,0.525652994319,"(1, 1, 1, 1, 0, 0, 0, 1, 0, 0)",0
1111000101,0.556820280024,"(1, 1, 1, 1, 0, 0, 0, 1, 0, 1)",0
1111000110,0.515984723645,"(1, 1, 1, 1, 0, 0, 0, 1, 1, 0)",0
1111000111,0.498051913496,"(1, 1, 1, 1, 0, 0, 0, 1, 1, 1)",0
1111001000,0.502796993276,"(1, 1, 1, 1, 0, 0, 1, 0, 0, 0)",0
1111001001,0.477443351121,"(1, 1, 1, 1, 0, 0, 1, 0, 0, 1)",0
1111001010,0.330044337234,"(1, 1, 1, 1, 0, 0, 1, 0, 1, 0)",0
1111001011,0.348678581852,"(1, 1, 1, 1, 0, 0, 1, 0, 1, 1)",0
1111001100,0.629391263272,"(1, 1, 1, 1, 0, 0, 1, 1, 0, 0)",1
1111001101,0.578832460515,"(1, 1, 1, 1, 0, 0, 1, 1, 0, 1)",0
1111001110,0.614774262908,"(1, 1, 1, 1, 0, 0, 1, 1, 1, 0)",0
1111001111,0.583166523915,"(1, 1, 1, 1, 0, 0, 1, 1, 1, 1)",0
1111010000,0.54612331727,"(1, 1, 1, 1, 0, 1, 0, 0, 0, 0)",0
1111010001,0.686126585465,"(1, 1, 1, 1, 0, 1, 0, 0, 0, 1)",1
1111010010,0.42937087462,"(1, 1, 1, 1, 0, 1, 0, 0, 1, 0)",0
1111010011,0.557625129955,"(1, 1, 1, 1, 0, 1, 0, 0, 1, 1)",0
1111010100,0.577198814865,"(1, 1, 1, 1, 0, 1, 0, 1, 0, 0)",0
1111010101,0.558525107515,"(1, 1, 1, 1, 0, 1, 0, 1, 0, 1)",0
1111010110,0.534029928948,"(1, 1, 1, 1, 0, 1, 0, 1, 1, 0)",0
1111010111,0.532515824195,"(1, 1, 1, 1, 0, 1, 0, 1, 1, 1)",0
1111011000,0.640651997295,"(1, 1, 1, 1, 0, 1, 1, 0, 0, 0)",1
1111011001,0.602920482565,"(1, 1, 1, 1, 0, 1, 1, 0, 0, 1)",0
1111011010,0.551507660971,"(1, 1, 1, 1, 0, 1, 1, 0, 1, 0)",0
1111011011,0.556737180845,"(1, 1, 1, 1, 0, 1, 1, 0, 1, 1)",0
1111011100,0.62515565556,"(1, 1, 1, 1, 0, 1, 1, 1, 0, 0)",0
1111011101,0.532132389019,"(1, 1, 1, 1, 0, 1, 1, 1, 0, 1)",0
1111011110,0.441289398489,"(1, 1, 1, 1, 0, 1, 1, 1, 1, 0)",0
1111011111,0.523545278823,"(1, 1, 1, 1, 0, 1, 1, 1, 1, 1)",0
1111100000,0.531891877792,"(1, 1, 1, 1, 1, 0, 0, 0, 0, 0)",0
1111100001,0.491211539789,"(1, 1, 1, 1, 1, 0, 0, 0, 0, 1)",0
1111100010,0.469598651211,"(1, 1, 1, 1, 1, 0, 0, 0, 1, 0)",0
1111100011,0.492914550749,"(1, 1, 1, 1, 1, 0, 0, 0, 1, 1)",0
1111100100,0.321040777515,"(1, 1, 1, 1, 1, 0, 0, 1, 0, 0)",0
1111100101,0.405664186944,"(1, 1, 1, 1, 1, 0, 0, 1, 0, 1)",0
1111100110,0.462724262927,"(1, 1, 1, 1, 1, 0, 0, 1, 1, 0)",0
1111100111,0.495744661484,"(1, 1, 1, 1, 1, 0, 0, 1, 1, 1)",0
1111101000,0.452422944765,"(1, 1, 1, 1, 1, 0, 1, 0, 0, 0)",0
1111101001,0.454196792306,"(1, 1, 1, 1, 1, 0, 1, 0, 0, 1)",0
1111101010,0.534841285759,"(1, 1, 1, 1, 1, 0, 1, 0, 1, 0)",0
1111101011,0.426491274145,"(1, 1, 1, 1, 1, 0, 1, 0, 1, 1)",0
1111101100,0.33037223495,"(1, 1, 1, 1, 1, 0, 1, 1, 0, 0)",0
1111101101,0.427339258884,"(1, 1, 1, 1, 1, 0, 1, 1, 0, 1)",0
1111101110,0.386409688998,"(1, 1, 1, 1, 1, 0, 1, 1, 1, 0)",0
1111101111,0.587684400446,"(1, 1, 1, 1, 1, 0, 1, 1, 1, 1)",0
1111110000,0.406226414501,"(1, 1, 1, 1, 1, 1, 0, 0, 0, 0)",0
1111110001,0.364534503075,"(1, 1, 1, 1, 1, 1, 0, 0, 0, 1)",0
1111110010,0.569641129557,"(1, 1, 1, 1, 1, 1, 0, 0, 1, 0)",0
1111110011,0.458212109661,"(1, 1, 1, 1, 1, 1, 0, 0, 1, 1)",0
1111110100,0.431629875674,"(1, 1, 1, 1, 1, 1, 0, 1, 0, 0)",0
1111110101,0.337912557519,"(1, 1, 1, 1, 1, 1, 0, 1, 0, 1)",0
1111110110,0.516059026254,"(1, 1, 1, 1, 1, 1, 0, 1, 1, 0)",0
1111110111,0.507896520952,"(1, 1, 1, 1, 1, 1, 0, 1, 1, 1)",0
1111111000,0.451016022356,"(1, 1, 1, 1, 1, 1, 1, 0, 0, 0)",0
1111111001,0.286624181996,"(1, 1, 1, 1, 1, 1, 1, 0, 0, 1)",0
1111111010,0.570061368582,"(1, 1, 1, 1, 1, 1, 1, 0, 1, 0)",0
1111111011,0.375487471761,"(1, 1, 1, 1, 1, 1, 1, 0, 1, 1)",0
1111111100,0.658631244821,"(1, 1, 1, 1, 1, 1, 1, 1, 0, 0)",1
1111111101,0.38704199712,"(1, 1, 1, 1, 1, 1, 1, 1, 0, 1)",0
1111111110,0.572565378943,"(1, 1, 1, 1, 1, 1, 1, 1, 1, 0)",0
1111111111,0.445804923622,"(1, 1, 1, 1, 1, 1, 1, 1, 1, 1)",0
